microrregiao,percentil,start,end,duration_days
ALTO CAPIBARIBE,90.0,1994-09-26,1994-10-16,21
ALTO CAPIBARIBE,90.0,1994-11-02,1994-12-01,30
ALTO CAPIBARIBE,90.0,1995-10-04,1995-10-09,6
ALTO CAPIBARIBE,90.0,1995-10-18,1995-10-27,10
ALTO CAPIBARIBE,90.0,1995-12-07,1995-12-20,14
ALTO CAPIBARIBE,90.0,1996-09-30,1996-10-04,5
ALTO CAPIBARIBE,90.0,1996-10-25,1996-11-03,10
ALTO CAPIBARIBE,90.0,1996-11-19,1996-11-29,11
ALTO CAPIBARIBE,90.0,1997-10-05,1997-12-08,65
ALTO CAPIBARIBE,90.0,1998-10-12,1998-10-17,6
ALTO CAPIBARIBE,90.0,1998-10-28,1998-12-16,50
ALTO CAPIBARIBE,90.0,1999-09-28,1999-10-20,23
ALTO CAPIBARIBE,90.0,2000-11-02,2000-11-13,12
ALTO CAPIBARIBE,90.0,2001-10-03,2001-10-10,8
ALTO CAPIBARIBE,90.0,2001-10-19,2001-11-01,14
ALTO CAPIBARIBE,90.0,2001-11-12,2001-11-23,12
ALTO CAPIBARIBE,90.0,2003-09-26,2003-09-29,4
ALTO CAPIBARIBE,90.0,2003-10-06,2003-10-25,20
ALTO CAPIBARIBE,90.0,2003-10-29,2003-12-09,42
ALTO CAPIBARIBE,90.0,2003-12-22,2003-12-26,5
ALTO CAPIBARIBE,90.0,2004-11-05,2004-11-10,6
ALTO CAPIBARIBE,90.0,2004-11-25,2004-12-16,22
ALTO CAPIBARIBE,90.0,2005-10-22,2005-11-25,35
ALTO CAPIBARIBE,90.0,2006-10-04,2006-11-07,35
ALTO CAPIBARIBE,90.0,2006-11-17,2006-12-04,18
ALTO CAPIBARIBE,90.0,2008-10-27,2008-11-30,35
ALTO CAPIBARIBE,90.0,2008-12-25,2009-01-03,10
ALTO CAPIBARIBE,90.0,2009-11-14,2009-12-09,26
ALTO CAPIBARIBE,90.0,2010-09-29,2010-11-29,62
ALTO CAPIBARIBE,90.0,2013-10-06,2013-10-10,5
ALTO CAPIBARIBE,90.0,2013-11-14,2013-12-10,27
ALTO CAPIBARIBE,90.0,2014-12-26,2014-12-30,5
ALTO CAPIBARIBE,90.0,2015-10-12,2015-12-10,60
ALTO CAPIBARIBE,90.0,2016-09-21,2016-09-28,8
ALTO CAPIBARIBE,90.0,2016-09-30,2016-10-14,15
ALTO CAPIBARIBE,90.0,2016-10-19,2016-11-08,21
ALTO CAPIBARIBE,90.0,2016-11-10,2016-12-12,33
ALTO CAPIBARIBE,90.0,2017-11-04,2017-12-04,31
ALTO CAPIBARIBE,90.0,2017-12-11,2017-12-31,21
ALTO CAPIBARIBE,90.0,2018-09-28,2018-11-30,64
ALTO CAPIBARIBE,90.0,2018-12-02,2018-12-10,9
ALTO CAPIBARIBE,90.0,2019-09-30,2019-10-05,6
ALTO CAPIBARIBE,90.0,2019-10-13,2019-12-19,68
ALTO CAPIBARIBE,90.0,2020-01-26,2020-01-29,4
ALTO CAPIBARIBE,90.0,2021-10-10,2021-10-18,9
ALTO CAPIBARIBE,90.0,2021-11-02,2021-12-03,32
ALTO CAPIBARIBE,90.0,2022-10-25,2022-11-06,13
ALTO CAPIBARIBE,90.0,2022-11-10,2022-11-13,4
ALTO CAPIBARIBE,90.0,2022-11-23,2022-11-26,4
ALTO CAPIBARIBE,90.0,2023-09-29,2023-10-03,5
ALTO CAPIBARIBE,90.0,2023-10-24,2023-11-20,28
ALTO CAPIBARIBE,95.0,1994-09-30,1994-10-13,14
ALTO CAPIBARIBE,95.0,1994-11-14,1994-11-30,17
ALTO CAPIBARIBE,95.0,1995-10-19,1995-10-25,7
ALTO CAPIBARIBE,95.0,1996-10-31,1996-11-02,3
ALTO CAPIBARIBE,95.0,1996-11-21,1996-11-28,8
ALTO CAPIBARIBE,95.0,1997-10-31,1997-11-24,25
ALTO CAPIBARIBE,95.0,1998-10-31,1998-11-28,29
ALTO CAPIBARIBE,95.0,1998-12-07,1998-12-11,5
ALTO CAPIBARIBE,95.0,1999-10-14,1999-10-17,4
ALTO CAPIBARIBE,95.0,2001-10-20,2001-10-28,9
ALTO CAPIBARIBE,95.0,2001-11-14,2001-11-19,6
ALTO CAPIBARIBE,95.0,2003-10-08,2003-10-19,12
ALTO CAPIBARIBE,95.0,2003-11-01,2003-12-07,37
ALTO CAPIBARIBE,95.0,2004-11-28,2004-12-13,16
ALTO CAPIBARIBE,95.0,2005-10-26,2005-11-14,20
ALTO CAPIBARIBE,95.0,2006-11-22,2006-12-01,10
ALTO CAPIBARIBE,95.0,2008-11-01,2008-11-28,28
ALTO CAPIBARIBE,95.0,2010-10-03,2010-10-11,9
ALTO CAPIBARIBE,95.0,2013-11-25,2013-12-06,12
ALTO CAPIBARIBE,95.0,2015-10-16,2015-12-07,53
ALTO CAPIBARIBE,95.0,2016-10-03,2016-10-12,10
ALTO CAPIBARIBE,95.0,2016-11-15,2016-12-11,27
ALTO CAPIBARIBE,95.0,2017-11-06,2017-12-02,27
ALTO CAPIBARIBE,95.0,2018-10-06,2018-10-28,23
ALTO CAPIBARIBE,95.0,2018-11-15,2018-11-27,13
ALTO CAPIBARIBE,95.0,2018-12-04,2018-12-09,6
ALTO CAPIBARIBE,95.0,2019-10-20,2019-11-07,19
ALTO CAPIBARIBE,95.0,2019-11-10,2019-12-02,23
ALTO CAPIBARIBE,95.0,2019-12-08,2019-12-14,7
ALTO CAPIBARIBE,95.0,2021-10-12,2021-10-15,4
ALTO CAPIBARIBE,95.0,2021-11-03,2021-11-08,6
ALTO CAPIBARIBE,95.0,2021-11-16,2021-12-02,17
ALTO CAPIBARIBE,95.0,2022-10-28,2022-11-04,8
ALTO CAPIBARIBE,95.0,2023-10-25,2023-10-27,3
ALTO CAPIBARIBE,95.0,2023-10-29,2023-11-10,13
ALTO CAPIBARIBE,95.0,2023-11-13,2023-11-19,7
ALTO CAPIBARIBE,97.5,1995-10-21,1995-10-23,3
ALTO CAPIBARIBE,97.5,1996-11-23,1996-11-27,5
ALTO CAPIBARIBE,97.5,1998-11-03,1998-11-21,19
ALTO CAPIBARIBE,97.5,2003-10-10,2003-10-16,7
ALTO CAPIBARIBE,97.5,2003-11-04,2003-11-18,15
ALTO CAPIBARIBE,97.5,2004-12-01,2004-12-08,8
ALTO CAPIBARIBE,97.5,2005-10-30,2005-11-10,12
ALTO CAPIBARIBE,97.5,2008-11-05,2008-11-25,21
ALTO CAPIBARIBE,97.5,2015-10-20,2015-12-05,47
ALTO CAPIBARIBE,97.5,2016-10-06,2016-10-09,4
ALTO CAPIBARIBE,97.5,2016-11-19,2016-12-05,17
ALTO CAPIBARIBE,97.5,2017-11-08,2017-11-30,23
ALTO CAPIBARIBE,97.5,2018-10-15,2018-10-26,12
ALTO CAPIBARIBE,97.5,2018-11-20,2018-11-24,5
ALTO CAPIBARIBE,97.5,2018-12-06,2018-12-08,3
ALTO CAPIBARIBE,97.5,2019-10-24,2019-11-04,12
ALTO CAPIBARIBE,97.5,2019-11-12,2019-11-30,19
ALTO CAPIBARIBE,97.5,2021-11-03,2021-11-07,5
ALTO CAPIBARIBE,97.5,2021-11-19,2021-12-01,13
ALTO CAPIBARIBE,97.5,2022-11-01,2022-11-03,3
ALTO CAPIBARIBE,97.5,2023-10-31,2023-11-09,10
ALTO CAPIBARIBE,97.5,2023-11-13,2023-11-16,4
ARARIPINA,90.0,1994-10-14,1994-11-02,20
ARARIPINA,90.0,1994-11-10,1994-11-16,7
ARARIPINA,90.0,1995-09-28,1995-10-16,19
ARARIPINA,90.0,1996-09-20,1996-10-30,41
ARARIPINA,90.0,1997-09-15,1997-10-07,23
ARARIPINA,90.0,1998-09-08,1998-11-05,59
ARARIPINA,90.0,1998-11-08,1998-11-18,11
ARARIPINA,90.0,1999-09-14,1999-09-26,13
ARARIPINA,90.0,1999-10-09,1999-10-27,19
ARARIPINA,90.0,2000-10-05,2000-10-09,5
ARARIPINA,90.0,2000-10-16,2000-10-23,8
ARARIPINA,90.0,2001-09-09,2001-09-14,6
ARARIPINA,90.0,2001-09-26,2001-10-11,16
ARARIPINA,90.0,2001-10-19,2001-10-21,3
ARARIPINA,90.0,2001-10-29,2001-11-21,24
ARARIPINA,90.0,2003-10-06,2003-10-11,6
ARARIPINA,90.0,2003-10-25,2003-11-01,8
ARARIPINA,90.0,2004-09-15,2004-09-17,3
ARARIPINA,90.0,2004-10-04,2004-10-20,17
ARARIPINA,90.0,2004-10-25,2004-11-04,11
ARARIPINA,90.0,2004-11-07,2004-11-20,14
ARARIPINA,90.0,2005-09-05,2005-09-08,4
ARARIPINA,90.0,2005-09-18,2005-10-07,20
ARARIPINA,90.0,2005-10-09,2005-11-05,28
ARARIPINA,90.0,2005-11-08,2005-11-23,16
ARARIPINA,90.0,2006-09-20,2006-10-01,12
ARARIPINA,90.0,2006-10-03,2006-10-10,8
ARARIPINA,90.0,2006-10-27,2006-10-30,4
ARARIPINA,90.0,2008-09-14,2008-10-02,19
ARARIPINA,90.0,2008-10-13,2008-11-23,42
ARARIPINA,90.0,2009-09-20,2009-10-21,32
ARARIPINA,90.0,2009-11-25,2009-11-27,3
ARARIPINA,90.0,2010-09-24,2010-11-04,42
ARARIPINA,90.0,2013-09-20,2013-10-08,19
ARARIPINA,90.0,2013-10-19,2013-11-03,16
ARARIPINA,90.0,2014-09-16,2014-10-01,16
ARARIPINA,90.0,2014-10-14,2014-10-16,3
ARARIPINA,90.0,2014-10-29,2014-10-31,3
ARARIPINA,90.0,2015-09-02,2015-09-12,11
ARARIPINA,90.0,2015-09-20,2015-10-10,21
ARARIPINA,90.0,2015-10-12,2015-11-02,22
ARARIPINA,90.0,2015-11-04,2015-12-02,29
ARARIPINA,90.0,2016-09-19,2016-11-04,47
ARARIPINA,90.0,2016-11-12,2016-11-15,4
ARARIPINA,90.0,2016-11-22,2016-12-05,14
ARARIPINA,90.0,2017-10-11,2017-11-02,23
ARARIPINA,90.0,2018-09-11,2018-11-01,52
ARARIPINA,90.0,2018-11-09,2018-11-20,12
ARARIPINA,90.0,2019-09-12,2019-11-30,80
ARARIPINA,90.0,2021-09-06,2021-09-17,12
ARARIPINA,90.0,2021-10-02,2021-10-29,28
ARARIPINA,90.0,2022-09-21,2022-09-25,5
ARARIPINA,90.0,2022-09-29,2022-10-13,15
ARARIPINA,90.0,2022-10-15,2022-10-25,11
ARARIPINA,90.0,2023-08-23,2023-08-26,4
ARARIPINA,90.0,2023-08-30,2023-09-03,5
ARARIPINA,90.0,2023-09-12,2023-10-16,35
ARARIPINA,90.0,2023-10-18,2023-11-02,16
ARARIPINA,90.0,2023-11-08,2023-11-25,18
ARARIPINA,95.0,1994-10-24,1994-10-29,6
ARARIPINA,95.0,1995-10-07,1995-10-13,7
ARARIPINA,95.0,1997-09-15,1997-10-06,22
ARARIPINA,95.0,1998-09-14,1998-09-23,10
ARARIPINA,95.0,1998-10-14,1998-10-20,7
ARARIPINA,95.0,1998-10-22,1998-11-01,11
ARARIPINA,95.0,1998-11-12,1998-11-14,3
ARARIPINA,95.0,1999-09-21,1999-09-23,3
ARARIPINA,95.0,1999-10-17,1999-10-25,9
ARARIPINA,95.0,2001-09-10,2001-09-12,3
ARARIPINA,95.0,2001-09-27,2001-10-11,15
ARARIPINA,95.0,2001-11-03,2001-11-16,14
ARARIPINA,95.0,2004-10-05,2004-10-19,15
ARARIPINA,95.0,2004-11-09,2004-11-18,10
ARARIPINA,95.0,2005-09-20,2005-10-06,17
ARARIPINA,95.0,2005-10-12,2005-11-03,23
ARARIPINA,95.0,2005-11-09,2005-11-15,7
ARARIPINA,95.0,2005-11-17,2005-11-23,7
ARARIPINA,95.0,2006-09-24,2006-09-27,4
ARARIPINA,95.0,2006-10-07,2006-10-09,3
ARARIPINA,95.0,2008-10-27,2008-10-31,5
ARARIPINA,95.0,2009-09-22,2009-10-01,10
ARARIPINA,95.0,2010-10-03,2010-10-24,22
ARARIPINA,95.0,2013-09-22,2013-09-27,6
ARARIPINA,95.0,2013-09-29,2013-10-07,9
ARARIPINA,95.0,2013-10-20,2013-10-27,8
ARARIPINA,95.0,2014-09-17,2014-09-30,14
ARARIPINA,95.0,2015-09-04,2015-09-10,7
ARARIPINA,95.0,2015-09-23,2015-09-28,6
ARARIPINA,95.0,2015-10-03,2015-10-08,6
ARARIPINA,95.0,2015-10-15,2015-10-29,15
ARARIPINA,95.0,2015-11-05,2015-11-11,7
ARARIPINA,95.0,2015-11-13,2015-11-30,18
ARARIPINA,95.0,2016-09-19,2016-09-29,11
ARARIPINA,95.0,2016-10-05,2016-10-11,7
ARARIPINA,95.0,2016-10-15,2016-11-03,20
ARARIPINA,95.0,2016-11-23,2016-12-01,9
ARARIPINA,95.0,2018-09-13,2018-09-24,12
ARARIPINA,95.0,2018-10-02,2018-10-10,9
ARARIPINA,95.0,2018-10-22,2018-10-31,10
ARARIPINA,95.0,2019-09-13,2019-10-04,22
ARARIPINA,95.0,2019-10-14,2019-10-21,8
ARARIPINA,95.0,2019-10-23,2019-11-11,20
ARARIPINA,95.0,2019-11-15,2019-11-23,9
ARARIPINA,95.0,2021-10-03,2021-10-19,17
ARARIPINA,95.0,2022-10-02,2022-10-07,6
ARARIPINA,95.0,2023-09-23,2023-10-13,21
ARARIPINA,95.0,2023-10-22,2023-11-01,11
ARARIPINA,95.0,2023-11-13,2023-11-25,13
ARARIPINA,97.5,1997-09-15,1997-10-05,21
ARARIPINA,97.5,1998-10-15,1998-10-20,6
ARARIPINA,97.5,1998-10-25,1998-10-30,6
ARARIPINA,97.5,1999-10-22,1999-10-24,3
ARARIPINA,97.5,2001-09-29,2001-10-09,11
ARARIPINA,97.5,2001-11-08,2001-11-14,7
ARARIPINA,97.5,2004-10-11,2004-10-19,9
ARARIPINA,97.5,2004-11-11,2004-11-16,6
ARARIPINA,97.5,2005-10-14,2005-11-01,19
ARARIPINA,97.5,2009-09-23,2009-09-28,6
ARARIPINA,97.5,2010-10-05,2010-10-16,12
ARARIPINA,97.5,2013-09-23,2013-09-27,5
ARARIPINA,97.5,2013-10-01,2013-10-06,6
ARARIPINA,97.5,2014-09-18,2014-09-29,12
ARARIPINA,97.5,2015-10-03,2015-10-07,5
ARARIPINA,97.5,2015-10-16,2015-10-19,4
ARARIPINA,97.5,2015-11-15,2015-11-29,15
ARARIPINA,97.5,2016-09-20,2016-09-25,6
ARARIPINA,97.5,2016-10-22,2016-11-02,12
ARARIPINA,97.5,2016-11-23,2016-11-28,6
ARARIPINA,97.5,2018-09-14,2018-09-22,9
ARARIPINA,97.5,2018-10-24,2018-10-30,7
ARARIPINA,97.5,2019-09-22,2019-10-01,10
ARARIPINA,97.5,2019-10-15,2019-10-18,4
ARARIPINA,97.5,2019-11-06,2019-11-08,3
ARARIPINA,97.5,2019-11-15,2019-11-20,6
ARARIPINA,97.5,2021-10-05,2021-10-18,14
ARARIPINA,97.5,2023-09-24,2023-09-28,5
ARARIPINA,97.5,2023-10-02,2023-10-11,10
ARARIPINA,97.5,2023-10-25,2023-10-31,7
ARARIPINA,97.5,2023-11-22,2023-11-25,4
BREJO PERNAMBUCANO,90.0,1994-10-01,1994-10-13,13
BREJO PERNAMBUCANO,90.0,1994-11-06,1994-12-03,28
BREJO PERNAMBUCANO,90.0,1994-12-16,1994-12-23,8
BREJO PERNAMBUCANO,90.0,1995-10-18,1995-10-26,9
BREJO PERNAMBUCANO,90.0,1995-12-02,1995-12-26,25
BREJO PERNAMBUCANO,90.0,1996-10-28,1996-11-02,6
BREJO PERNAMBUCANO,90.0,1996-11-19,1996-11-30,12
BREJO PERNAMBUCANO,90.0,1997-10-18,1997-12-16,60
BREJO PERNAMBUCANO,90.0,1998-10-28,1998-12-19,53
BREJO PERNAMBUCANO,90.0,1999-10-16,1999-10-18,3
BREJO PERNAMBUCANO,90.0,2000-10-31,2000-11-18,19
BREJO PERNAMBUCANO,90.0,2000-11-25,2000-12-08,14
BREJO PERNAMBUCANO,90.0,2001-10-03,2001-10-08,6
BREJO PERNAMBUCANO,90.0,2001-10-20,2001-11-01,13
BREJO PERNAMBUCANO,90.0,2001-11-10,2001-11-24,15
BREJO PERNAMBUCANO,90.0,2003-10-09,2003-10-20,12
BREJO PERNAMBUCANO,90.0,2003-11-03,2003-12-11,39
BREJO PERNAMBUCANO,90.0,2003-12-20,2003-12-27,8
BREJO PERNAMBUCANO,90.0,2004-11-18,2004-12-21,34
BREJO PERNAMBUCANO,90.0,2005-10-24,2005-12-03,41
BREJO PERNAMBUCANO,90.0,2006-10-12,2006-11-04,24
BREJO PERNAMBUCANO,90.0,2006-11-17,2006-12-16,30
BREJO PERNAMBUCANO,90.0,2008-10-31,2008-12-03,34
BREJO PERNAMBUCANO,90.0,2008-12-21,2009-01-07,18
BREJO PERNAMBUCANO,90.0,2009-10-26,2009-12-16,52
BREJO PERNAMBUCANO,90.0,2010-10-05,2010-10-10,6
BREJO PERNAMBUCANO,90.0,2010-10-29,2010-12-08,41
BREJO PERNAMBUCANO,90.0,2010-12-17,2010-12-29,13
BREJO PERNAMBUCANO,90.0,2013-10-04,2013-10-08,5
BREJO PERNAMBUCANO,90.0,2013-11-10,2013-12-16,37
BREJO PERNAMBUCANO,90.0,2014-11-17,2014-11-20,4
BREJO PERNAMBUCANO,90.0,2014-12-23,2014-12-31,9
BREJO PERNAMBUCANO,90.0,2015-10-17,2015-12-10,55
BREJO PERNAMBUCANO,90.0,2016-10-02,2016-10-12,11
BREJO PERNAMBUCANO,90.0,2016-11-11,2016-12-12,32
BREJO PERNAMBUCANO,90.0,2017-11-05,2018-01-01,58
BREJO PERNAMBUCANO,90.0,2018-10-05,2018-10-30,26
BREJO PERNAMBUCANO,90.0,2018-11-10,2018-12-11,32
BREJO PERNAMBUCANO,90.0,2019-10-19,2019-12-26,69
BREJO PERNAMBUCANO,90.0,2020-01-25,2020-01-29,5
BREJO PERNAMBUCANO,90.0,2021-10-12,2021-10-21,10
BREJO PERNAMBUCANO,90.0,2021-11-01,2021-12-05,35
BREJO PERNAMBUCANO,90.0,2022-10-26,2022-11-08,14
BREJO PERNAMBUCANO,90.0,2022-11-10,2022-11-12,3
BREJO PERNAMBUCANO,90.0,2022-11-21,2022-11-26,6
BREJO PERNAMBUCANO,90.0,2023-10-02,2023-10-04,3
BREJO PERNAMBUCANO,90.0,2023-10-24,2023-11-20,28
BREJO PERNAMBUCANO,90.0,2023-11-29,2023-12-03,5
BREJO PERNAMBUCANO,90.0,2023-12-28,2023-12-30,3
BREJO PERNAMBUCANO,95.0,1994-11-21,1994-11-30,10
BREJO PERNAMBUCANO,95.0,1995-10-20,1995-10-24,5
BREJO PERNAMBUCANO,95.0,1995-12-07,1995-12-17,11
BREJO PERNAMBUCANO,95.0,1996-11-21,1996-11-29,9
BREJO PERNAMBUCANO,95.0,1997-10-29,1997-12-01,34
BREJO PERNAMBUCANO,95.0,1998-11-01,1998-12-12,42
BREJO PERNAMBUCANO,95.0,2001-10-21,2001-10-26,6
BREJO PERNAMBUCANO,95.0,2001-11-13,2001-11-19,7
BREJO PERNAMBUCANO,95.0,2003-10-11,2003-10-15,5
BREJO PERNAMBUCANO,95.0,2003-11-07,2003-11-19,13
BREJO PERNAMBUCANO,95.0,2003-11-26,2003-12-09,14
BREJO PERNAMBUCANO,95.0,2003-12-23,2003-12-25,3
BREJO PERNAMBUCANO,95.0,2004-11-26,2004-12-16,21
BREJO PERNAMBUCANO,95.0,2005-10-28,2005-11-14,18
BREJO PERNAMBUCANO,95.0,2006-10-23,2006-10-31,9
BREJO PERNAMBUCANO,95.0,2006-11-20,2006-12-05,16
BREJO PERNAMBUCANO,95.0,2008-11-03,2008-11-28,26
BREJO PERNAMBUCANO,95.0,2008-12-25,2009-01-01,8
BREJO PERNAMBUCANO,95.0,2009-11-27,2009-12-01,5
BREJO PERNAMBUCANO,95.0,2010-11-19,2010-11-28,10
BREJO PERNAMBUCANO,95.0,2013-11-24,2013-12-07,14
BREJO PERNAMBUCANO,95.0,2014-12-27,2014-12-29,3
BREJO PERNAMBUCANO,95.0,2015-10-20,2015-12-06,48
BREJO PERNAMBUCANO,95.0,2016-10-05,2016-10-10,6
BREJO PERNAMBUCANO,95.0,2016-11-16,2016-12-11,26
BREJO PERNAMBUCANO,95.0,2017-11-07,2017-12-11,35
BREJO PERNAMBUCANO,95.0,2017-12-19,2017-12-30,12
BREJO PERNAMBUCANO,95.0,2018-10-15,2018-10-27,13
BREJO PERNAMBUCANO,95.0,2018-11-15,2018-11-17,3
BREJO PERNAMBUCANO,95.0,2018-12-02,2018-12-10,9
BREJO PERNAMBUCANO,95.0,2019-10-27,2019-11-05,10
BREJO PERNAMBUCANO,95.0,2019-11-12,2019-12-03,22
BREJO PERNAMBUCANO,95.0,2019-12-07,2019-12-16,10
BREJO PERNAMBUCANO,95.0,2021-11-02,2021-11-10,9
BREJO PERNAMBUCANO,95.0,2021-11-15,2021-12-03,19
BREJO PERNAMBUCANO,95.0,2022-10-29,2022-11-05,8
BREJO PERNAMBUCANO,95.0,2023-10-30,2023-11-10,12
BREJO PERNAMBUCANO,95.0,2023-11-13,2023-11-20,8
BREJO PERNAMBUCANO,97.5,1996-11-22,1996-11-28,7
BREJO PERNAMBUCANO,97.5,1997-11-07,1997-11-19,13
BREJO PERNAMBUCANO,97.5,1998-11-04,1998-11-24,21
BREJO PERNAMBUCANO,97.5,2003-11-10,2003-11-16,7
BREJO PERNAMBUCANO,97.5,2003-12-04,2003-12-08,5
BREJO PERNAMBUCANO,97.5,2004-11-29,2004-12-13,15
BREJO PERNAMBUCANO,97.5,2005-10-31,2005-11-08,9
BREJO PERNAMBUCANO,97.5,2006-11-26,2006-12-01,6
BREJO PERNAMBUCANO,97.5,2008-11-06,2008-11-24,19
BREJO PERNAMBUCANO,97.5,2013-12-01,2013-12-04,4
BREJO PERNAMBUCANO,97.5,2015-10-22,2015-12-04,44
BREJO PERNAMBUCANO,97.5,2016-10-07,2016-10-09,3
BREJO PERNAMBUCANO,97.5,2016-11-21,2016-12-11,21
BREJO PERNAMBUCANO,97.5,2017-11-09,2017-12-02,24
BREJO PERNAMBUCANO,97.5,2018-10-17,2018-10-24,8
BREJO PERNAMBUCANO,97.5,2018-12-04,2018-12-09,6
BREJO PERNAMBUCANO,97.5,2019-11-14,2019-12-01,18
BREJO PERNAMBUCANO,97.5,2021-11-03,2021-11-08,6
BREJO PERNAMBUCANO,97.5,2021-11-18,2021-12-02,15
BREJO PERNAMBUCANO,97.5,2022-10-31,2022-11-02,3
BREJO PERNAMBUCANO,97.5,2023-11-01,2023-11-08,8
BREJO PERNAMBUCANO,97.5,2023-11-13,2023-11-20,8
GARANHUNS,90.0,1994-10-27,1994-12-12,47
GARANHUNS,90.0,1995-10-20,1995-10-26,7
GARANHUNS,90.0,1995-11-28,1995-12-28,31
GARANHUNS,90.0,1996-10-29,1996-11-02,5
GARANHUNS,90.0,1996-11-20,1996-12-01,12
GARANHUNS,90.0,1997-10-04,1997-10-07,4
GARANHUNS,90.0,1997-10-21,1997-12-12,53
GARANHUNS,90.0,1998-10-30,1998-12-17,49
GARANHUNS,90.0,1999-12-05,1999-12-19,15
GARANHUNS,90.0,2000-10-28,2000-11-15,19
GARANHUNS,90.0,2000-11-28,2000-12-11,14
GARANHUNS,90.0,2001-10-04,2001-10-08,5
GARANHUNS,90.0,2001-10-20,2001-10-26,7
GARANHUNS,90.0,2001-11-08,2001-11-28,21
GARANHUNS,90.0,2003-10-10,2003-10-17,8
GARANHUNS,90.0,2003-11-09,2003-12-13,35
GARANHUNS,90.0,2003-12-17,2003-12-28,12
GARANHUNS,90.0,2004-10-07,2004-10-09,3
GARANHUNS,90.0,2004-11-16,2004-12-26,41
GARANHUNS,90.0,2005-10-26,2005-12-16,52
GARANHUNS,90.0,2006-10-29,2006-11-11,14
GARANHUNS,90.0,2006-11-16,2006-12-23,38
GARANHUNS,90.0,2008-11-01,2008-12-07,37
GARANHUNS,90.0,2008-12-17,2009-01-04,19
GARANHUNS,90.0,2009-10-28,2009-12-21,55
GARANHUNS,90.0,2010-11-05,2010-12-03,29
GARANHUNS,90.0,2010-12-23,2010-12-29,7
GARANHUNS,90.0,2013-11-10,2013-12-25,46
GARANHUNS,90.0,2014-11-08,2014-11-15,8
GARANHUNS,90.0,2014-12-22,2014-12-31,10
GARANHUNS,90.0,2015-10-18,2015-12-16,60
GARANHUNS,90.0,2016-10-05,2016-10-11,7
GARANHUNS,90.0,2016-11-07,2016-12-12,36
GARANHUNS,90.0,2017-11-03,2018-01-02,61
GARANHUNS,90.0,2018-10-09,2018-10-29,21
GARANHUNS,90.0,2018-11-03,2018-12-11,39
GARANHUNS,90.0,2019-10-22,2020-01-02,73
GARANHUNS,90.0,2021-11-02,2021-12-07,36
GARANHUNS,90.0,2021-12-20,2021-12-25,6
GARANHUNS,90.0,2022-10-28,2022-11-03,7
GARANHUNS,90.0,2022-11-19,2022-11-27,9
GARANHUNS,90.0,2023-10-25,2023-10-27,3
GARANHUNS,90.0,2023-10-30,2023-11-11,13
GARANHUNS,90.0,2023-11-13,2023-11-20,8
GARANHUNS,90.0,2023-12-28,2023-12-30,3
GARANHUNS,95.0,1994-11-27,1994-11-29,3
GARANHUNS,95.0,1995-12-05,1995-12-25,21
GARANHUNS,95.0,1996-11-23,1996-11-28,6
GARANHUNS,95.0,1997-11-07,1997-11-24,18
GARANHUNS,95.0,1998-11-04,1998-12-09,36
GARANHUNS,95.0,2000-11-02,2000-11-08,7
GARANHUNS,95.0,2001-11-12,2001-11-22,11
GARANHUNS,95.0,2003-11-11,2003-11-18,8
GARANHUNS,95.0,2003-11-27,2003-12-10,14
GARANHUNS,95.0,2003-12-21,2003-12-26,6
GARANHUNS,95.0,2004-11-23,2004-12-15,23
GARANHUNS,95.0,2005-10-31,2005-11-21,22
GARANHUNS,95.0,2006-11-20,2006-12-18,29
GARANHUNS,95.0,2008-11-05,2008-11-30,26
GARANHUNS,95.0,2008-12-26,2008-12-29,4
GARANHUNS,95.0,2009-11-08,2009-12-15,38
GARANHUNS,95.0,2010-11-19,2010-11-27,9
GARANHUNS,95.0,2013-11-26,2013-12-07,12
GARANHUNS,95.0,2015-10-22,2015-12-09,49
GARANHUNS,95.0,2016-10-06,2016-10-09,4
GARANHUNS,95.0,2016-11-12,2016-12-11,30
GARANHUNS,95.0,2017-11-06,2017-12-13,38
GARANHUNS,95.0,2017-12-17,2017-12-31,15
GARANHUNS,95.0,2018-10-14,2018-10-23,10
GARANHUNS,95.0,2018-11-12,2018-11-18,7
GARANHUNS,95.0,2018-11-29,2018-12-10,12
GARANHUNS,95.0,2019-11-01,2019-12-09,39
GARANHUNS,95.0,2021-11-03,2021-11-08,6
GARANHUNS,95.0,2021-11-15,2021-12-04,20
GARANHUNS,95.0,2021-12-22,2021-12-24,3
GARANHUNS,95.0,2022-11-24,2022-11-26,3
GARANHUNS,95.0,2023-11-04,2023-11-08,5
GARANHUNS,95.0,2023-11-13,2023-11-20,8
GARANHUNS,97.5,1996-11-24,1996-11-26,3
GARANHUNS,97.5,1997-11-11,1997-11-14,4
GARANHUNS,97.5,1998-11-07,1998-12-05,29
GARANHUNS,97.5,2001-11-14,2001-11-19,6
GARANHUNS,97.5,2003-12-03,2003-12-08,6
GARANHUNS,97.5,2004-11-27,2004-12-13,17
GARANHUNS,97.5,2005-11-02,2005-11-04,3
GARANHUNS,97.5,2006-11-25,2006-12-04,10
GARANHUNS,97.5,2008-11-07,2008-11-25,19
GARANHUNS,97.5,2009-11-14,2009-12-04,21
GARANHUNS,97.5,2013-12-02,2013-12-04,3
GARANHUNS,97.5,2015-10-30,2015-12-06,38
GARANHUNS,97.5,2016-11-14,2016-11-28,15
GARANHUNS,97.5,2017-11-08,2017-12-09,32
GARANHUNS,97.5,2017-12-26,2017-12-30,5
GARANHUNS,97.5,2018-12-03,2018-12-09,7
GARANHUNS,97.5,2019-11-14,2019-11-30,17
GARANHUNS,97.5,2021-11-03,2021-11-06,4
GARANHUNS,97.5,2021-11-19,2021-12-02,14
GARANHUNS,97.5,2023-11-13,2023-11-20,8
ITAPARICA,90.0,1994-10-14,1994-10-29,16
ITAPARICA,90.0,1994-11-07,1994-11-16,10
ITAPARICA,90.0,1995-10-03,1995-10-13,11
ITAPARICA,90.0,1995-10-21,1995-10-31,11
ITAPARICA,90.0,1996-09-26,1996-11-02,38
ITAPARICA,90.0,1997-09-04,1997-10-07,34
ITAPARICA,90.0,1997-10-11,1997-10-16,6
ITAPARICA,90.0,1997-10-21,1997-10-28,8
ITAPARICA,90.0,1997-11-09,1997-11-15,7
ITAPARICA,90.0,1998-09-19,1998-09-24,6
ITAPARICA,90.0,1998-09-27,1998-11-27,62
ITAPARICA,90.0,1999-10-17,1999-10-28,12
ITAPARICA,90.0,2000-10-30,2000-11-04,6
ITAPARICA,90.0,2000-11-26,2000-11-29,4
ITAPARICA,90.0,2001-09-08,2001-09-13,6
ITAPARICA,90.0,2001-09-26,2001-10-09,14
ITAPARICA,90.0,2001-10-17,2001-10-27,11
ITAPARICA,90.0,2001-11-01,2001-11-06,6
ITAPARICA,90.0,2001-11-08,2001-11-20,13
ITAPARICA,90.0,2003-09-26,2003-10-01,6
ITAPARICA,90.0,2003-10-06,2003-10-15,10
ITAPARICA,90.0,2003-11-11,2003-11-24,14
ITAPARICA,90.0,2003-11-29,2003-12-06,8
ITAPARICA,90.0,2003-12-20,2003-12-24,5
ITAPARICA,90.0,2004-09-28,2004-10-17,20
ITAPARICA,90.0,2004-10-23,2004-11-14,23
ITAPARICA,90.0,2004-11-28,2004-12-02,5
ITAPARICA,90.0,2005-09-29,2005-10-04,6
ITAPARICA,90.0,2005-10-09,2005-11-20,43
ITAPARICA,90.0,2006-09-18,2006-09-26,9
ITAPARICA,90.0,2006-10-04,2006-10-06,3
ITAPARICA,90.0,2006-10-17,2006-10-31,15
ITAPARICA,90.0,2006-11-04,2006-11-12,9
ITAPARICA,90.0,2006-11-25,2006-11-29,5
ITAPARICA,90.0,2008-09-22,2008-10-02,11
ITAPARICA,90.0,2008-10-15,2008-10-19,5
ITAPARICA,90.0,2008-10-25,2008-11-27,34
ITAPARICA,90.0,2009-09-22,2009-10-27,36
ITAPARICA,90.0,2009-10-29,2009-11-04,7
ITAPARICA,90.0,2009-11-18,2009-12-02,15
ITAPARICA,90.0,2010-09-15,2010-10-14,30
ITAPARICA,90.0,2013-09-25,2013-10-09,15
ITAPARICA,90.0,2013-10-18,2013-11-05,19
ITAPARICA,90.0,2014-09-18,2014-10-02,15
ITAPARICA,90.0,2014-10-24,2014-10-29,6
ITAPARICA,90.0,2015-08-26,2015-08-28,3
ITAPARICA,90.0,2015-09-05,2015-09-12,8
ITAPARICA,90.0,2015-09-22,2015-12-10,80
ITAPARICA,90.0,2016-09-16,2016-10-12,27
ITAPARICA,90.0,2016-10-15,2016-11-06,23
ITAPARICA,90.0,2016-11-08,2016-12-01,24
ITAPARICA,90.0,2017-10-02,2017-10-04,3
ITAPARICA,90.0,2017-10-28,2017-11-10,14
ITAPARICA,90.0,2017-11-19,2017-11-24,6
ITAPARICA,90.0,2017-12-04,2017-12-09,6
ITAPARICA,90.0,2018-09-12,2018-11-03,53
ITAPARICA,90.0,2018-11-07,2018-11-23,17
ITAPARICA,90.0,2019-09-24,2019-11-24,62
ITAPARICA,90.0,2021-10-01,2021-10-26,26
ITAPARICA,90.0,2021-11-11,2021-11-13,3
ITAPARICA,90.0,2021-11-22,2021-11-26,5
ITAPARICA,90.0,2022-10-04,2022-10-11,8
ITAPARICA,90.0,2022-10-19,2022-10-29,11
ITAPARICA,90.0,2023-08-28,2023-08-31,4
ITAPARICA,90.0,2023-09-23,2023-09-30,8
ITAPARICA,90.0,2023-10-02,2023-10-10,9
ITAPARICA,90.0,2023-10-20,2023-11-01,13
ITAPARICA,90.0,2023-11-07,2023-11-10,4
ITAPARICA,90.0,2023-11-15,2023-11-19,5
ITAPARICA,95.0,1994-10-17,1994-10-27,11
ITAPARICA,95.0,1995-10-22,1995-10-30,9
ITAPARICA,95.0,1996-10-03,1996-10-13,11
ITAPARICA,95.0,1996-10-23,1996-10-29,7
ITAPARICA,95.0,1997-09-09,1997-09-24,16
ITAPARICA,95.0,1997-09-26,1997-10-06,11
ITAPARICA,95.0,1998-10-12,1998-10-18,7
ITAPARICA,95.0,1998-10-23,1998-11-03,12
ITAPARICA,95.0,1998-11-10,1998-11-21,12
ITAPARICA,95.0,1999-10-21,1999-10-25,5
ITAPARICA,95.0,2001-09-28,2001-10-08,11
ITAPARICA,95.0,2001-10-18,2001-10-26,9
ITAPARICA,95.0,2001-11-03,2001-11-05,3
ITAPARICA,95.0,2001-11-12,2001-11-16,5
ITAPARICA,95.0,2003-10-11,2003-10-14,4
ITAPARICA,95.0,2004-10-09,2004-10-12,4
ITAPARICA,95.0,2004-10-26,2004-11-02,8
ITAPARICA,95.0,2004-11-09,2004-11-13,5
ITAPARICA,95.0,2005-10-14,2005-11-01,19
ITAPARICA,95.0,2005-11-13,2005-11-18,6
ITAPARICA,95.0,2008-09-23,2008-09-28,6
ITAPARICA,95.0,2008-11-06,2008-11-13,8
ITAPARICA,95.0,2009-10-07,2009-10-23,17
ITAPARICA,95.0,2010-09-20,2010-10-12,23
ITAPARICA,95.0,2013-09-29,2013-10-07,9
ITAPARICA,95.0,2013-10-20,2013-10-22,3
ITAPARICA,95.0,2013-10-25,2013-11-02,9
ITAPARICA,95.0,2014-09-19,2014-09-23,5
ITAPARICA,95.0,2014-09-29,2014-10-01,3
ITAPARICA,95.0,2015-09-24,2015-09-26,3
ITAPARICA,95.0,2015-09-28,2015-10-08,11
ITAPARICA,95.0,2015-10-13,2015-12-07,56
ITAPARICA,95.0,2016-09-18,2016-09-28,11
ITAPARICA,95.0,2016-09-30,2016-10-10,11
ITAPARICA,95.0,2016-10-18,2016-11-01,15
ITAPARICA,95.0,2016-11-13,2016-11-30,18
ITAPARICA,95.0,2017-11-19,2017-11-21,3
ITAPARICA,95.0,2018-09-14,2018-09-18,5
ITAPARICA,95.0,2018-09-30,2018-10-03,4
ITAPARICA,95.0,2018-10-14,2018-11-02,20
ITAPARICA,95.0,2018-11-11,2018-11-20,10
ITAPARICA,95.0,2019-09-28,2019-10-01,4
ITAPARICA,95.0,2019-10-07,2019-11-22,47
ITAPARICA,95.0,2021-10-05,2021-10-20,16
ITAPARICA,95.0,2022-10-08,2022-10-10,3
ITAPARICA,95.0,2023-09-24,2023-09-28,5
ITAPARICA,95.0,2023-10-02,2023-10-08,7
ITAPARICA,95.0,2023-10-21,2023-10-31,11
ITAPARICA,95.0,2023-11-17,2023-11-19,3
ITAPARICA,97.5,1995-10-22,1995-10-29,8
ITAPARICA,97.5,1996-10-24,1996-10-26,3
ITAPARICA,97.5,1997-09-12,1997-09-24,13
ITAPARICA,97.5,1997-09-27,1997-10-06,10
ITAPARICA,97.5,1998-10-25,1998-10-31,7
ITAPARICA,97.5,1998-11-13,1998-11-15,3
ITAPARICA,97.5,2001-09-30,2001-10-07,8
ITAPARICA,97.5,2001-10-19,2001-10-25,7
ITAPARICA,97.5,2003-10-11,2003-10-13,3
ITAPARICA,97.5,2004-11-11,2004-11-13,3
ITAPARICA,97.5,2005-10-26,2005-11-01,7
ITAPARICA,97.5,2009-10-16,2009-10-19,4
ITAPARICA,97.5,2010-09-23,2010-10-06,14
ITAPARICA,97.5,2013-10-01,2013-10-06,6
ITAPARICA,97.5,2013-10-29,2013-10-31,3
ITAPARICA,97.5,2014-09-20,2014-09-23,4
ITAPARICA,97.5,2015-09-30,2015-10-06,7
ITAPARICA,97.5,2015-10-27,2015-11-04,9
ITAPARICA,97.5,2015-11-13,2015-12-05,23
ITAPARICA,97.5,2016-09-19,2016-09-27,9
ITAPARICA,97.5,2016-10-01,2016-10-09,9
ITAPARICA,97.5,2016-10-20,2016-10-30,11
ITAPARICA,97.5,2016-11-15,2016-11-28,14
ITAPARICA,97.5,2018-09-15,2018-09-18,4
ITAPARICA,97.5,2018-10-17,2018-10-31,15
ITAPARICA,97.5,2019-10-08,2019-10-10,3
ITAPARICA,97.5,2019-10-18,2019-10-31,14
ITAPARICA,97.5,2019-11-12,2019-11-19,8
ITAPARICA,97.5,2021-10-08,2021-10-18,11
ITAPARICA,97.5,2023-09-24,2023-09-27,4
ITAPARICA,97.5,2023-10-02,2023-10-07,6
ITAPARICA,97.5,2023-10-22,2023-10-30,9
MEDIO CAPIBARIBE,90.0,1994-10-05,1994-12-12,69
MEDIO CAPIBARIBE,90.0,1996-09-30,1996-10-02,3
MEDIO CAPIBARIBE,90.0,1996-10-28,1996-11-18,22
MEDIO CAPIBARIBE,90.0,1998-10-27,1998-12-24,59
MEDIO CAPIBARIBE,90.0,1999-11-17,1999-12-02,16
MEDIO CAPIBARIBE,90.0,1999-12-25,1999-12-31,7
MEDIO CAPIBARIBE,90.0,2001-10-31,2001-12-09,40
MEDIO CAPIBARIBE,90.0,2003-10-16,2003-12-29,75
MEDIO CAPIBARIBE,90.0,2004-11-02,2004-12-28,57
MEDIO CAPIBARIBE,90.0,2005-01-19,2005-01-29,11
MEDIO CAPIBARIBE,90.0,2005-10-31,2006-01-06,68
MEDIO CAPIBARIBE,90.0,2006-10-23,2006-12-12,51
MEDIO CAPIBARIBE,90.0,2010-10-06,2010-12-09,65
MEDIO CAPIBARIBE,90.0,2010-12-18,2010-12-29,12
MEDIO CAPIBARIBE,90.0,2013-11-20,2014-01-01,43
MEDIO CAPIBARIBE,90.0,2014-11-03,2014-12-04,32
MEDIO CAPIBARIBE,90.0,2015-10-14,2015-12-10,58
MEDIO CAPIBARIBE,90.0,2016-09-22,2016-10-20,29
MEDIO CAPIBARIBE,90.0,2016-10-29,2016-12-26,59
MEDIO CAPIBARIBE,90.0,2017-11-02,2018-01-02,62
MEDIO CAPIBARIBE,90.0,2018-10-29,2018-12-02,35
MEDIO CAPIBARIBE,90.0,2019-10-01,2020-01-22,114
MEDIO CAPIBARIBE,90.0,2021-10-23,2021-12-05,44
MEDIO CAPIBARIBE,90.0,2022-10-26,2022-11-16,22
MEDIO CAPIBARIBE,90.0,2022-11-22,2022-11-27,6
MEDIO CAPIBARIBE,90.0,2023-10-29,2023-12-01,34
MEDIO CAPIBARIBE,95.0,1994-11-14,1994-12-06,23
MEDIO CAPIBARIBE,95.0,1996-10-31,1996-11-07,8
MEDIO CAPIBARIBE,95.0,1998-10-31,1998-12-13,44
MEDIO CAPIBARIBE,95.0,2001-11-09,2001-11-26,18
MEDIO CAPIBARIBE,95.0,2003-10-29,2003-12-21,54
MEDIO CAPIBARIBE,95.0,2004-11-08,2004-12-17,40
MEDIO CAPIBARIBE,95.0,2005-11-07,2005-12-05,29
MEDIO CAPIBARIBE,95.0,2006-11-17,2006-12-06,20
MEDIO CAPIBARIBE,95.0,2010-10-25,2010-12-01,38
MEDIO CAPIBARIBE,95.0,2013-11-28,2013-12-13,16
MEDIO CAPIBARIBE,95.0,2014-11-14,2014-11-25,12
MEDIO CAPIBARIBE,95.0,2015-10-21,2015-12-05,46
MEDIO CAPIBARIBE,95.0,2016-10-04,2016-10-10,7
MEDIO CAPIBARIBE,95.0,2016-11-09,2016-12-16,38
MEDIO CAPIBARIBE,95.0,2017-11-06,2017-12-11,36
MEDIO CAPIBARIBE,95.0,2019-10-24,2019-12-02,40
MEDIO CAPIBARIBE,95.0,2021-10-28,2021-11-08,12
MEDIO CAPIBARIBE,95.0,2021-11-10,2021-11-29,20
MEDIO CAPIBARIBE,95.0,2022-10-29,2022-11-13,16
MEDIO CAPIBARIBE,95.0,2023-10-31,2023-11-29,30
MEDIO CAPIBARIBE,97.5,1994-11-21,1994-12-03,13
MEDIO CAPIBARIBE,97.5,1998-11-03,1998-12-05,33
MEDIO CAPIBARIBE,97.5,2001-11-14,2001-11-19,6
MEDIO CAPIBARIBE,97.5,2003-11-03,2003-11-15,13
MEDIO CAPIBARIBE,97.5,2004-12-04,2004-12-12,9
MEDIO CAPIBARIBE,97.5,2005-11-10,2005-11-16,7
MEDIO CAPIBARIBE,97.5,2006-11-25,2006-12-02,8
MEDIO CAPIBARIBE,97.5,2010-11-17,2010-11-26,10
MEDIO CAPIBARIBE,97.5,2015-10-29,2015-12-02,35
MEDIO CAPIBARIBE,97.5,2016-11-16,2016-12-09,24
MEDIO CAPIBARIBE,97.5,2017-11-08,2017-12-05,28
MEDIO CAPIBARIBE,97.5,2019-10-29,2019-11-28,31
MEDIO CAPIBARIBE,97.5,2021-10-31,2021-11-08,9
MEDIO CAPIBARIBE,97.5,2021-11-16,2021-11-26,11
MEDIO CAPIBARIBE,97.5,2022-10-31,2022-11-11,12
MEDIO CAPIBARIBE,97.5,2023-11-02,2023-11-24,23
PAJEU,90.0,1994-09-30,1994-10-06,7
PAJEU,90.0,1994-10-14,1994-11-16,34
PAJEU,90.0,1995-10-01,1995-11-02,33
PAJEU,90.0,1996-09-29,1996-10-30,32
PAJEU,90.0,1997-09-08,1997-09-23,16
PAJEU,90.0,1997-09-26,1997-10-17,22
PAJEU,90.0,1997-10-25,1997-11-12,19
PAJEU,90.0,1998-09-20,1998-10-29,40
PAJEU,90.0,1998-11-13,1998-11-28,16
PAJEU,90.0,1999-10-16,1999-11-04,20
PAJEU,90.0,2000-10-01,2000-10-09,9
PAJEU,90.0,2000-11-01,2000-11-04,4
PAJEU,90.0,2001-09-27,2001-10-09,13
PAJEU,90.0,2001-10-18,2001-10-27,10
PAJEU,90.0,2001-11-08,2001-11-23,16
PAJEU,90.0,2003-09-23,2003-09-30,8
PAJEU,90.0,2003-10-05,2003-10-16,12
PAJEU,90.0,2003-10-27,2003-10-29,3
PAJEU,90.0,2003-11-09,2003-11-26,18
PAJEU,90.0,2003-12-21,2003-12-25,5
PAJEU,90.0,2004-09-29,2004-10-20,22
PAJEU,90.0,2004-10-22,2004-11-08,18
PAJEU,90.0,2005-10-01,2005-11-01,32
PAJEU,90.0,2005-11-06,2005-11-19,14
PAJEU,90.0,2006-09-29,2006-10-10,12
PAJEU,90.0,2006-10-12,2006-11-12,32
PAJEU,90.0,2006-11-24,2006-12-02,9
PAJEU,90.0,2008-09-20,2008-10-02,13
PAJEU,90.0,2008-10-13,2008-11-14,33
PAJEU,90.0,2008-11-20,2008-11-27,8
PAJEU,90.0,2009-09-28,2009-11-07,41
PAJEU,90.0,2009-11-20,2009-12-06,17
PAJEU,90.0,2010-09-20,2010-10-25,36
PAJEU,90.0,2013-09-25,2013-10-11,17
PAJEU,90.0,2013-10-20,2013-11-05,17
PAJEU,90.0,2014-09-26,2014-10-03,8
PAJEU,90.0,2014-10-24,2014-10-28,5
PAJEU,90.0,2015-09-26,2015-12-11,77
PAJEU,90.0,2016-09-17,2016-11-06,51
PAJEU,90.0,2016-11-08,2016-11-29,22
PAJEU,90.0,2017-09-30,2017-10-06,7
PAJEU,90.0,2017-10-26,2017-12-08,44
PAJEU,90.0,2018-09-23,2018-11-26,65
PAJEU,90.0,2019-09-25,2019-11-23,60
PAJEU,90.0,2021-10-01,2021-10-23,23
PAJEU,90.0,2021-11-20,2021-12-02,13
PAJEU,90.0,2022-10-05,2022-10-14,10
PAJEU,90.0,2022-10-23,2022-10-31,9
PAJEU,90.0,2023-09-22,2023-10-14,23
PAJEU,90.0,2023-10-20,2023-11-02,14
PAJEU,90.0,2023-11-16,2023-11-19,4
PAJEU,95.0,1994-10-18,1994-11-11,25
PAJEU,95.0,1995-10-06,1995-10-31,26
PAJEU,95.0,1996-10-12,1996-10-26,15
PAJEU,95.0,1997-09-12,1997-09-20,9
PAJEU,95.0,1997-09-27,1997-10-12,16
PAJEU,95.0,1998-10-06,1998-10-20,15
PAJEU,95.0,1999-10-18,1999-10-29,12
PAJEU,95.0,2001-09-29,2001-10-08,10
PAJEU,95.0,2001-10-19,2001-10-26,8
PAJEU,95.0,2003-10-07,2003-10-15,9
PAJEU,95.0,2004-10-03,2004-10-11,9
PAJEU,95.0,2004-10-27,2004-11-03,8
PAJEU,95.0,2005-10-14,2005-10-26,13
PAJEU,95.0,2006-10-22,2006-10-31,10
PAJEU,95.0,2008-10-16,2008-10-21,6
PAJEU,95.0,2009-10-03,2009-10-23,21
PAJEU,95.0,2010-09-25,2010-10-13,19
PAJEU,95.0,2013-09-30,2013-10-09,10
PAJEU,95.0,2013-10-23,2013-11-02,11
PAJEU,95.0,2015-09-29,2015-12-05,68
PAJEU,95.0,2016-09-19,2016-09-28,10
PAJEU,95.0,2016-09-30,2016-10-14,15
PAJEU,95.0,2016-10-16,2016-11-02,18
PAJEU,95.0,2016-11-12,2016-11-27,16
PAJEU,95.0,2017-11-15,2017-11-21,7
PAJEU,95.0,2018-10-07,2018-11-04,29
PAJEU,95.0,2018-11-09,2018-11-23,15
PAJEU,95.0,2019-10-01,2019-11-19,50
PAJEU,95.0,2021-10-04,2021-10-19,16
PAJEU,95.0,2021-11-24,2021-11-28,5
PAJEU,95.0,2022-10-07,2022-10-11,5
PAJEU,95.0,2022-10-24,2022-10-31,8
PAJEU,95.0,2023-09-24,2023-10-10,17
PAJEU,95.0,2023-10-22,2023-11-01,11
PAJEU,97.5,1994-10-22,1994-10-30,9
PAJEU,97.5,1995-10-15,1995-10-30,16
PAJEU,97.5,1997-09-15,1997-09-17,3
PAJEU,97.5,1997-09-28,1997-10-10,13
PAJEU,97.5,1998-10-10,1998-10-18,9
PAJEU,97.5,1999-10-23,1999-10-25,3
PAJEU,97.5,2001-10-02,2001-10-07,6
PAJEU,97.5,2001-10-20,2001-10-25,6
PAJEU,97.5,2003-10-09,2003-10-14,6
PAJEU,97.5,2010-09-29,2010-10-09,11
PAJEU,97.5,2013-10-05,2013-10-07,3
PAJEU,97.5,2013-10-27,2013-10-31,5
PAJEU,97.5,2015-10-01,2015-10-12,12
PAJEU,97.5,2015-10-14,2015-11-03,21
PAJEU,97.5,2015-11-08,2015-12-02,25
PAJEU,97.5,2016-10-01,2016-10-12,12
PAJEU,97.5,2016-10-19,2016-10-28,10
PAJEU,97.5,2016-11-16,2016-11-25,10
PAJEU,97.5,2018-10-15,2018-11-01,18
PAJEU,97.5,2018-11-12,2018-11-17,6
PAJEU,97.5,2019-10-07,2019-11-05,30
PAJEU,97.5,2019-11-14,2019-11-16,3
PAJEU,97.5,2021-10-07,2021-10-17,11
PAJEU,97.5,2023-09-25,2023-10-08,14
PAJEU,97.5,2023-10-23,2023-10-30,8
PETROLINA,90.0,1994-10-03,1994-10-08,6
PETROLINA,90.0,1994-10-19,1994-10-31,13
PETROLINA,90.0,1994-11-10,1994-11-16,7
PETROLINA,90.0,1995-09-28,1995-10-16,19
PETROLINA,90.0,1995-10-26,1995-10-29,4
PETROLINA,90.0,1996-09-20,1996-10-26,37
PETROLINA,90.0,1997-09-15,1997-10-07,23
PETROLINA,90.0,1998-09-07,1998-11-05,60
PETROLINA,90.0,1998-11-08,1998-11-20,13
PETROLINA,90.0,1999-09-11,1999-09-26,16
PETROLINA,90.0,1999-10-18,1999-10-27,10
PETROLINA,90.0,1999-11-04,1999-11-08,5
PETROLINA,90.0,2000-10-06,2000-10-08,3
PETROLINA,90.0,2000-10-16,2000-10-24,9
PETROLINA,90.0,2001-09-09,2001-09-14,6
PETROLINA,90.0,2001-09-26,2001-10-11,16
PETROLINA,90.0,2001-10-19,2001-10-21,3
PETROLINA,90.0,2001-10-29,2001-11-19,22
PETROLINA,90.0,2003-08-29,2003-08-31,3
PETROLINA,90.0,2003-10-07,2003-10-10,4
PETROLINA,90.0,2003-10-29,2003-11-02,5
PETROLINA,90.0,2003-12-21,2003-12-26,6
PETROLINA,90.0,2004-09-15,2004-09-17,3
PETROLINA,90.0,2004-10-04,2004-10-20,17
PETROLINA,90.0,2004-10-25,2004-11-03,10
PETROLINA,90.0,2004-11-06,2004-11-20,15
PETROLINA,90.0,2005-09-05,2005-09-08,4
PETROLINA,90.0,2005-09-18,2005-10-07,20
PETROLINA,90.0,2005-10-09,2005-11-05,28
PETROLINA,90.0,2005-11-08,2005-11-23,16
PETROLINA,90.0,2006-09-17,2006-09-30,14
PETROLINA,90.0,2006-10-04,2006-10-10,7
PETROLINA,90.0,2008-09-14,2008-10-03,20
PETROLINA,90.0,2008-10-14,2008-10-22,9
PETROLINA,90.0,2008-10-24,2008-11-19,27
PETROLINA,90.0,2009-09-20,2009-10-20,31
PETROLINA,90.0,2009-11-25,2009-11-27,3
PETROLINA,90.0,2010-09-24,2010-11-04,42
PETROLINA,90.0,2011-10-08,2011-10-17,10
PETROLINA,90.0,2013-09-20,2013-10-07,18
PETROLINA,90.0,2013-10-19,2013-11-04,17
PETROLINA,90.0,2013-11-10,2013-11-13,4
PETROLINA,90.0,2014-09-16,2014-10-01,16
PETROLINA,90.0,2014-10-14,2014-10-16,3
PETROLINA,90.0,2015-09-02,2015-09-12,11
PETROLINA,90.0,2015-09-22,2015-10-01,10
PETROLINA,90.0,2015-10-03,2015-10-09,7
PETROLINA,90.0,2015-10-13,2015-12-03,52
PETROLINA,90.0,2016-08-14,2016-08-17,4
PETROLINA,90.0,2016-09-19,2016-11-04,47
PETROLINA,90.0,2016-11-22,2016-12-07,16
PETROLINA,90.0,2017-10-13,2017-11-02,21
PETROLINA,90.0,2018-09-11,2018-11-02,53
PETROLINA,90.0,2018-11-09,2018-11-20,12
PETROLINA,90.0,2019-09-12,2019-11-13,63
PETROLINA,90.0,2019-11-15,2019-12-01,17
PETROLINA,90.0,2021-09-06,2021-09-17,12
PETROLINA,90.0,2021-10-02,2021-10-27,26
PETROLINA,90.0,2022-09-21,2022-09-25,5
PETROLINA,90.0,2022-09-29,2022-10-13,15
PETROLINA,90.0,2022-10-15,2022-10-24,10
PETROLINA,90.0,2023-08-21,2023-09-04,15
PETROLINA,90.0,2023-09-12,2023-10-16,35
PETROLINA,90.0,2023-10-18,2023-11-02,16
PETROLINA,90.0,2023-11-10,2023-11-25,16
PETROLINA,95.0,1994-10-25,1994-10-28,4
PETROLINA,95.0,1994-11-11,1994-11-13,3
PETROLINA,95.0,1995-10-06,1995-10-13,8
PETROLINA,95.0,1997-09-15,1997-10-06,22
PETROLINA,95.0,1998-09-10,1998-09-26,17
PETROLINA,95.0,1998-10-14,1998-10-20,7
PETROLINA,95.0,1998-10-24,1998-11-04,12
PETROLINA,95.0,1999-09-21,1999-09-24,4
PETROLINA,95.0,1999-10-20,1999-10-25,6
PETROLINA,95.0,2001-09-10,2001-09-12,3
PETROLINA,95.0,2001-09-27,2001-10-10,14
PETROLINA,95.0,2001-11-01,2001-11-16,16
PETROLINA,95.0,2004-10-05,2004-10-19,15
PETROLINA,95.0,2004-10-27,2004-10-30,4
PETROLINA,95.0,2004-11-09,2004-11-20,12
PETROLINA,95.0,2005-09-19,2005-10-06,18
PETROLINA,95.0,2005-10-12,2005-11-03,23
PETROLINA,95.0,2005-11-19,2005-11-23,5
PETROLINA,95.0,2006-09-24,2006-09-27,4
PETROLINA,95.0,2006-10-07,2006-10-09,3
PETROLINA,95.0,2008-09-27,2008-09-30,4
PETROLINA,95.0,2008-10-28,2008-10-31,4
PETROLINA,95.0,2009-09-21,2009-10-01,11
PETROLINA,95.0,2010-10-04,2010-10-21,18
PETROLINA,95.0,2013-09-21,2013-10-06,16
PETROLINA,95.0,2013-10-21,2013-10-29,9
PETROLINA,95.0,2014-09-17,2014-09-30,14
PETROLINA,95.0,2015-09-02,2015-09-10,9
PETROLINA,95.0,2015-09-23,2015-09-28,6
PETROLINA,95.0,2015-10-03,2015-10-07,5
PETROLINA,95.0,2015-10-16,2015-10-19,4
PETROLINA,95.0,2015-10-21,2015-10-29,9
PETROLINA,95.0,2015-11-05,2015-11-09,5
PETROLINA,95.0,2015-11-13,2015-12-01,19
PETROLINA,95.0,2016-09-19,2016-09-30,12
PETROLINA,95.0,2016-10-06,2016-10-09,4
PETROLINA,95.0,2016-10-19,2016-11-02,15
PETROLINA,95.0,2016-11-23,2016-12-01,9
PETROLINA,95.0,2018-09-12,2018-09-25,14
PETROLINA,95.0,2018-10-21,2018-10-31,11
PETROLINA,95.0,2019-09-13,2019-10-03,21
PETROLINA,95.0,2019-10-15,2019-10-29,15
PETROLINA,95.0,2019-11-04,2019-11-09,6
PETROLINA,95.0,2019-11-15,2019-11-22,8
PETROLINA,95.0,2021-09-12,2021-09-16,5
PETROLINA,95.0,2021-10-04,2021-10-20,17
PETROLINA,95.0,2022-10-01,2022-10-08,8
PETROLINA,95.0,2023-08-23,2023-08-27,5
PETROLINA,95.0,2023-08-30,2023-09-02,4
PETROLINA,95.0,2023-09-23,2023-09-30,8
PETROLINA,95.0,2023-10-02,2023-10-13,12
PETROLINA,95.0,2023-10-22,2023-11-01,11
PETROLINA,95.0,2023-11-13,2023-11-25,13
PETROLINA,97.5,1997-09-15,1997-10-05,21
PETROLINA,97.5,1998-10-15,1998-10-20,6
PETROLINA,97.5,1998-10-26,1998-10-31,6
PETROLINA,97.5,1999-10-21,1999-10-24,4
PETROLINA,97.5,2001-09-28,2001-10-08,11
PETROLINA,97.5,2001-11-04,2001-11-14,11
PETROLINA,97.5,2004-10-13,2004-10-19,7
PETROLINA,97.5,2004-11-10,2004-11-18,9
PETROLINA,97.5,2005-10-14,2005-11-02,20
PETROLINA,97.5,2009-09-22,2009-09-29,8
PETROLINA,97.5,2010-10-06,2010-10-11,6
PETROLINA,97.5,2013-09-23,2013-09-27,5
PETROLINA,97.5,2013-09-30,2013-10-06,7
PETROLINA,97.5,2014-09-18,2014-09-29,12
PETROLINA,97.5,2015-10-04,2015-10-06,3
PETROLINA,97.5,2015-11-15,2015-11-29,15
PETROLINA,97.5,2016-09-20,2016-09-27,8
PETROLINA,97.5,2016-10-22,2016-11-02,12
PETROLINA,97.5,2016-11-23,2016-11-27,5
PETROLINA,97.5,2018-09-13,2018-09-23,11
PETROLINA,97.5,2018-10-23,2018-10-30,8
PETROLINA,97.5,2019-09-21,2019-09-30,10
PETROLINA,97.5,2019-11-16,2019-11-20,5
PETROLINA,97.5,2021-10-06,2021-10-18,13
PETROLINA,97.5,2023-09-24,2023-09-29,6
PETROLINA,97.5,2023-10-02,2023-10-11,10
PETROLINA,97.5,2023-10-25,2023-10-31,7
PETROLINA,97.5,2023-11-21,2023-11-25,5
SALGUEIRO,90.0,1994-10-14,1994-10-31,18
SALGUEIRO,90.0,1994-11-05,1994-11-17,13
SALGUEIRO,90.0,1995-10-02,1995-10-13,12
SALGUEIRO,90.0,1995-10-21,1995-10-30,10
SALGUEIRO,90.0,1996-09-30,1996-11-03,35
SALGUEIRO,90.0,1997-09-03,1997-10-07,35
SALGUEIRO,90.0,1997-10-11,1997-10-13,3
SALGUEIRO,90.0,1998-09-18,1998-11-23,67
SALGUEIRO,90.0,1999-09-21,1999-09-23,3
SALGUEIRO,90.0,1999-10-17,1999-10-28,12
SALGUEIRO,90.0,2000-11-26,2000-11-29,4
SALGUEIRO,90.0,2001-09-08,2001-09-13,6
SALGUEIRO,90.0,2001-09-25,2001-10-09,15
SALGUEIRO,90.0,2001-10-18,2001-10-28,11
SALGUEIRO,90.0,2001-10-31,2001-11-22,23
SALGUEIRO,90.0,2003-09-25,2003-10-01,7
SALGUEIRO,90.0,2003-10-06,2003-10-16,11
SALGUEIRO,90.0,2003-11-14,2003-11-23,10
SALGUEIRO,90.0,2003-11-28,2003-12-02,5
SALGUEIRO,90.0,2003-12-20,2003-12-24,5
SALGUEIRO,90.0,2004-10-02,2004-10-16,15
SALGUEIRO,90.0,2004-10-24,2004-11-14,22
SALGUEIRO,90.0,2005-09-28,2005-10-05,8
SALGUEIRO,90.0,2005-10-09,2005-11-20,43
SALGUEIRO,90.0,2006-09-18,2006-09-29,12
SALGUEIRO,90.0,2006-10-04,2006-10-08,5
SALGUEIRO,90.0,2006-10-15,2006-11-01,18
SALGUEIRO,90.0,2006-11-04,2006-11-13,10
SALGUEIRO,90.0,2006-11-24,2006-11-29,6
SALGUEIRO,90.0,2008-09-22,2008-10-01,10
SALGUEIRO,90.0,2008-10-15,2008-10-20,6
SALGUEIRO,90.0,2008-10-24,2008-11-27,35
SALGUEIRO,90.0,2009-09-22,2009-09-25,4
SALGUEIRO,90.0,2009-10-01,2009-10-21,21
SALGUEIRO,90.0,2009-11-21,2009-12-01,11
SALGUEIRO,90.0,2010-09-14,2010-10-14,31
SALGUEIRO,90.0,2013-09-25,2013-10-09,15
SALGUEIRO,90.0,2013-10-18,2013-11-09,23
SALGUEIRO,90.0,2014-09-17,2014-10-02,16
SALGUEIRO,90.0,2014-10-25,2014-10-29,5
SALGUEIRO,90.0,2015-09-04,2015-09-12,9
SALGUEIRO,90.0,2015-09-22,2015-12-07,77
SALGUEIRO,90.0,2016-09-15,2016-11-05,52
SALGUEIRO,90.0,2016-11-10,2016-11-30,21
SALGUEIRO,90.0,2017-10-01,2017-10-06,6
SALGUEIRO,90.0,2017-10-14,2017-10-16,3
SALGUEIRO,90.0,2017-10-26,2017-11-02,8
SALGUEIRO,90.0,2017-11-19,2017-11-23,5
SALGUEIRO,90.0,2017-12-04,2017-12-08,5
SALGUEIRO,90.0,2018-09-12,2018-11-03,53
SALGUEIRO,90.0,2018-11-07,2018-11-23,17
SALGUEIRO,90.0,2019-09-13,2019-09-21,9
SALGUEIRO,90.0,2019-09-23,2019-11-24,63
SALGUEIRO,90.0,2021-09-10,2021-09-12,3
SALGUEIRO,90.0,2021-09-27,2021-10-28,32
SALGUEIRO,90.0,2021-11-20,2021-11-25,6
SALGUEIRO,90.0,2022-09-21,2022-09-23,3
SALGUEIRO,90.0,2022-10-02,2022-10-13,12
SALGUEIRO,90.0,2022-10-18,2022-10-31,14
SALGUEIRO,90.0,2023-08-27,2023-09-02,7
SALGUEIRO,90.0,2023-09-11,2023-09-15,5
SALGUEIRO,90.0,2023-09-20,2023-10-12,23
SALGUEIRO,90.0,2023-10-18,2023-11-02,16
SALGUEIRO,90.0,2023-11-06,2023-11-19,14
SALGUEIRO,95.0,1994-10-18,1994-10-28,11
SALGUEIRO,95.0,1994-11-10,1994-11-12,3
SALGUEIRO,95.0,1995-10-22,1995-10-29,8
SALGUEIRO,95.0,1996-10-05,1996-10-12,8
SALGUEIRO,95.0,1996-10-23,1996-10-28,6
SALGUEIRO,95.0,1997-09-08,1997-09-24,17
SALGUEIRO,95.0,1997-09-26,1997-10-06,11
SALGUEIRO,95.0,1998-09-28,1998-10-01,4
SALGUEIRO,95.0,1998-10-13,1998-10-18,6
SALGUEIRO,95.0,1998-10-23,1998-11-03,12
SALGUEIRO,95.0,1998-11-10,1998-11-17,8
SALGUEIRO,95.0,1999-10-20,1999-10-26,7
SALGUEIRO,95.0,2001-09-28,2001-10-08,11
SALGUEIRO,95.0,2001-10-19,2001-10-26,8
SALGUEIRO,95.0,2001-11-03,2001-11-06,4
SALGUEIRO,95.0,2001-11-11,2001-11-17,7
SALGUEIRO,95.0,2003-09-26,2003-09-28,3
SALGUEIRO,95.0,2003-10-11,2003-10-15,5
SALGUEIRO,95.0,2004-10-05,2004-10-12,8
SALGUEIRO,95.0,2004-10-27,2004-11-01,6
SALGUEIRO,95.0,2004-11-09,2004-11-13,5
SALGUEIRO,95.0,2005-10-13,2005-11-01,20
SALGUEIRO,95.0,2005-11-09,2005-11-19,11
SALGUEIRO,95.0,2008-09-23,2008-09-28,6
SALGUEIRO,95.0,2008-11-04,2008-11-13,10
SALGUEIRO,95.0,2009-10-13,2009-10-19,7
SALGUEIRO,95.0,2010-09-19,2010-10-13,25
SALGUEIRO,95.0,2013-09-29,2013-10-07,9
SALGUEIRO,95.0,2013-10-20,2013-10-22,3
SALGUEIRO,95.0,2013-10-27,2013-11-01,6
SALGUEIRO,95.0,2014-09-18,2014-09-23,6
SALGUEIRO,95.0,2015-09-28,2015-10-08,11
SALGUEIRO,95.0,2015-10-13,2015-12-04,53
SALGUEIRO,95.0,2016-09-18,2016-09-27,10
SALGUEIRO,95.0,2016-10-01,2016-10-11,11
SALGUEIRO,95.0,2016-10-18,2016-10-31,14
SALGUEIRO,95.0,2016-11-15,2016-11-30,16
SALGUEIRO,95.0,2018-09-14,2018-09-18,5
SALGUEIRO,95.0,2018-10-16,2018-11-01,17
SALGUEIRO,95.0,2018-11-11,2018-11-18,8
SALGUEIRO,95.0,2019-09-27,2019-10-02,6
SALGUEIRO,95.0,2019-10-08,2019-11-23,47
SALGUEIRO,95.0,2021-10-03,2021-10-19,17
SALGUEIRO,95.0,2022-10-04,2022-10-11,8
SALGUEIRO,95.0,2022-10-20,2022-10-22,3
SALGUEIRO,95.0,2022-10-24,2022-10-26,3
SALGUEIRO,95.0,2023-09-13,2023-09-15,3
SALGUEIRO,95.0,2023-09-24,2023-09-29,6
SALGUEIRO,95.0,2023-10-02,2023-10-10,9
SALGUEIRO,95.0,2023-10-21,2023-11-01,12
SALGUEIRO,95.0,2023-11-16,2023-11-19,4
SALGUEIRO,97.5,1995-10-22,1995-10-24,3
SALGUEIRO,97.5,1997-09-11,1997-09-24,14
SALGUEIRO,97.5,1997-09-28,1997-10-05,8
SALGUEIRO,97.5,1998-10-25,1998-10-31,7
SALGUEIRO,97.5,2001-09-30,2001-10-07,8
SALGUEIRO,97.5,2001-10-20,2001-10-25,6
SALGUEIRO,97.5,2003-10-11,2003-10-14,4
SALGUEIRO,97.5,2004-11-11,2004-11-13,3
SALGUEIRO,97.5,2005-10-21,2005-11-01,12
SALGUEIRO,97.5,2008-09-23,2008-09-25,3
SALGUEIRO,97.5,2010-09-22,2010-10-11,20
SALGUEIRO,97.5,2013-10-01,2013-10-06,6
SALGUEIRO,97.5,2014-09-19,2014-09-23,5
SALGUEIRO,97.5,2015-09-30,2015-10-07,8
SALGUEIRO,97.5,2015-10-27,2015-11-04,9
SALGUEIRO,97.5,2015-11-13,2015-12-02,20
SALGUEIRO,97.5,2016-09-19,2016-09-25,7
SALGUEIRO,97.5,2016-10-03,2016-10-09,7
SALGUEIRO,97.5,2016-10-21,2016-10-30,10
SALGUEIRO,97.5,2016-11-18,2016-11-29,12
SALGUEIRO,97.5,2018-09-15,2018-09-18,4
SALGUEIRO,97.5,2018-10-21,2018-10-31,11
SALGUEIRO,97.5,2019-10-13,2019-10-29,17
SALGUEIRO,97.5,2019-11-11,2019-11-20,10
SALGUEIRO,97.5,2021-10-06,2021-10-17,12
SALGUEIRO,97.5,2022-10-08,2022-10-10,3
SALGUEIRO,97.5,2023-09-24,2023-09-28,5
SALGUEIRO,97.5,2023-10-02,2023-10-09,8
SALGUEIRO,97.5,2023-10-22,2023-10-31,10
SERTAO DO MOXOTO,90.0,1994-10-01,1994-10-06,6
SERTAO DO MOXOTO,90.0,1994-10-13,1994-11-16,35
SERTAO DO MOXOTO,90.0,1995-10-02,1995-11-02,32
SERTAO DO MOXOTO,90.0,1996-10-03,1996-10-29,27
SERTAO DO MOXOTO,90.0,1997-09-10,1997-09-22,13
SERTAO DO MOXOTO,90.0,1997-09-26,1997-10-21,26
SERTAO DO MOXOTO,90.0,1997-11-06,1997-11-19,14
SERTAO DO MOXOTO,90.0,1998-10-01,1998-10-31,31
SERTAO DO MOXOTO,90.0,1998-11-11,1998-11-30,20
SERTAO DO MOXOTO,90.0,1999-10-17,1999-11-03,18
SERTAO DO MOXOTO,90.0,2000-10-02,2000-10-07,6
SERTAO DO MOXOTO,90.0,2000-10-31,2000-11-05,6
SERTAO DO MOXOTO,90.0,2001-09-27,2001-10-09,13
SERTAO DO MOXOTO,90.0,2001-10-18,2001-10-27,10
SERTAO DO MOXOTO,90.0,2001-11-09,2001-11-23,15
SERTAO DO MOXOTO,90.0,2003-09-24,2003-09-29,6
SERTAO DO MOXOTO,90.0,2003-10-05,2003-10-16,12
SERTAO DO MOXOTO,90.0,2003-11-07,2003-11-28,22
SERTAO DO MOXOTO,90.0,2003-11-30,2003-12-06,7
SERTAO DO MOXOTO,90.0,2003-12-20,2003-12-24,5
SERTAO DO MOXOTO,90.0,2004-10-01,2004-10-19,19
SERTAO DO MOXOTO,90.0,2004-10-22,2004-11-07,17
SERTAO DO MOXOTO,90.0,2004-11-30,2004-12-04,5
SERTAO DO MOXOTO,90.0,2005-10-01,2005-10-05,5
SERTAO DO MOXOTO,90.0,2005-10-09,2005-11-19,42
SERTAO DO MOXOTO,90.0,2006-09-30,2006-10-09,10
SERTAO DO MOXOTO,90.0,2006-10-14,2006-11-16,34
SERTAO DO MOXOTO,90.0,2006-11-23,2006-12-04,12
SERTAO DO MOXOTO,90.0,2008-09-20,2008-10-02,13
SERTAO DO MOXOTO,90.0,2008-10-13,2008-11-27,46
SERTAO DO MOXOTO,90.0,2009-09-28,2009-11-10,44
SERTAO DO MOXOTO,90.0,2009-11-17,2009-12-10,24
SERTAO DO MOXOTO,90.0,2010-09-22,2010-10-21,30
SERTAO DO MOXOTO,90.0,2013-09-29,2013-10-10,12
SERTAO DO MOXOTO,90.0,2013-10-20,2013-11-04,16
SERTAO DO MOXOTO,90.0,2014-09-26,2014-10-03,8
SERTAO DO MOXOTO,90.0,2014-10-24,2014-10-28,5
SERTAO DO MOXOTO,90.0,2015-09-27,2015-12-12,77
SERTAO DO MOXOTO,90.0,2016-09-17,2016-11-30,75
SERTAO DO MOXOTO,90.0,2017-10-01,2017-10-05,5
SERTAO DO MOXOTO,90.0,2017-10-31,2017-12-09,40
SERTAO DO MOXOTO,90.0,2018-09-25,2018-11-25,62
SERTAO DO MOXOTO,90.0,2019-09-27,2019-11-24,59
SERTAO DO MOXOTO,90.0,2019-11-28,2019-12-04,7
SERTAO DO MOXOTO,90.0,2021-10-03,2021-10-23,21
SERTAO DO MOXOTO,90.0,2021-11-02,2021-11-04,3
SERTAO DO MOXOTO,90.0,2021-11-09,2021-12-03,25
SERTAO DO MOXOTO,90.0,2022-10-06,2022-10-12,7
SERTAO DO MOXOTO,90.0,2022-10-22,2022-10-31,10
SERTAO DO MOXOTO,90.0,2023-09-22,2023-10-10,19
SERTAO DO MOXOTO,90.0,2023-10-20,2023-11-02,14
SERTAO DO MOXOTO,90.0,2023-11-16,2023-11-19,4
SERTAO DO MOXOTO,95.0,1994-10-17,1994-11-11,26
SERTAO DO MOXOTO,95.0,1995-10-06,1995-10-31,26
SERTAO DO MOXOTO,95.0,1996-10-14,1996-10-26,13
SERTAO DO MOXOTO,95.0,1997-09-14,1997-09-18,5
SERTAO DO MOXOTO,95.0,1997-09-27,1997-10-12,16
SERTAO DO MOXOTO,95.0,1998-10-08,1998-10-20,13
SERTAO DO MOXOTO,95.0,1999-10-19,1999-10-28,10
SERTAO DO MOXOTO,95.0,2001-09-30,2001-10-08,9
SERTAO DO MOXOTO,95.0,2001-10-19,2001-10-25,7
SERTAO DO MOXOTO,95.0,2001-11-13,2001-11-16,4
SERTAO DO MOXOTO,95.0,2003-10-07,2003-10-14,8
SERTAO DO MOXOTO,95.0,2003-11-13,2003-11-20,8
SERTAO DO MOXOTO,95.0,2004-10-04,2004-10-11,8
SERTAO DO MOXOTO,95.0,2004-10-28,2004-11-01,5
SERTAO DO MOXOTO,95.0,2005-10-16,2005-10-27,12
SERTAO DO MOXOTO,95.0,2006-10-23,2006-11-03,12
SERTAO DO MOXOTO,95.0,2009-10-03,2009-11-04,33
SERTAO DO MOXOTO,95.0,2009-11-28,2009-11-30,3
SERTAO DO MOXOTO,95.0,2010-09-26,2010-10-11,16
SERTAO DO MOXOTO,95.0,2013-10-03,2013-10-08,6
SERTAO DO MOXOTO,95.0,2013-10-23,2013-11-02,11
SERTAO DO MOXOTO,95.0,2014-09-29,2014-10-02,4
SERTAO DO MOXOTO,95.0,2015-09-29,2015-12-07,70
SERTAO DO MOXOTO,95.0,2016-09-19,2016-09-25,7
SERTAO DO MOXOTO,95.0,2016-09-30,2016-10-13,14
SERTAO DO MOXOTO,95.0,2016-10-18,2016-11-01,15
SERTAO DO MOXOTO,95.0,2016-11-11,2016-11-27,17
SERTAO DO MOXOTO,95.0,2017-11-14,2017-11-22,9
SERTAO DO MOXOTO,95.0,2018-10-09,2018-11-03,26
SERTAO DO MOXOTO,95.0,2018-11-10,2018-11-22,13
SERTAO DO MOXOTO,95.0,2019-10-03,2019-11-20,49
SERTAO DO MOXOTO,95.0,2021-10-06,2021-10-21,16
SERTAO DO MOXOTO,95.0,2021-11-23,2021-11-30,8
SERTAO DO MOXOTO,95.0,2022-10-08,2022-10-10,3
SERTAO DO MOXOTO,95.0,2022-10-24,2022-10-31,8
SERTAO DO MOXOTO,95.0,2023-09-25,2023-10-09,15
SERTAO DO MOXOTO,95.0,2023-10-21,2023-11-01,12
SERTAO DO MOXOTO,97.5,1994-10-19,1994-10-28,10
SERTAO DO MOXOTO,97.5,1995-10-13,1995-10-30,18
SERTAO DO MOXOTO,97.5,1996-10-22,1996-10-24,3
SERTAO DO MOXOTO,97.5,1997-09-28,1997-10-10,13
SERTAO DO MOXOTO,97.5,1998-10-11,1998-10-17,7
SERTAO DO MOXOTO,97.5,2001-10-02,2001-10-07,6
SERTAO DO MOXOTO,97.5,2001-10-20,2001-10-24,5
SERTAO DO MOXOTO,97.5,2003-10-09,2003-10-13,5
SERTAO DO MOXOTO,97.5,2009-10-13,2009-10-23,11
SERTAO DO MOXOTO,97.5,2010-10-01,2010-10-07,7
SERTAO DO MOXOTO,97.5,2013-10-27,2013-10-31,5
SERTAO DO MOXOTO,97.5,2015-10-01,2015-10-11,11
SERTAO DO MOXOTO,97.5,2015-10-16,2015-12-04,50
SERTAO DO MOXOTO,97.5,2016-10-02,2016-10-12,11
SERTAO DO MOXOTO,97.5,2016-10-20,2016-10-28,9
SERTAO DO MOXOTO,97.5,2016-11-14,2016-11-25,12
SERTAO DO MOXOTO,97.5,2018-10-15,2018-11-02,19
SERTAO DO MOXOTO,97.5,2019-10-08,2019-10-13,6
SERTAO DO MOXOTO,97.5,2019-10-16,2019-11-04,20
SERTAO DO MOXOTO,97.5,2019-11-13,2019-11-17,5
SERTAO DO MOXOTO,97.5,2021-10-09,2021-10-19,11
SERTAO DO MOXOTO,97.5,2022-10-29,2022-10-31,3
SERTAO DO MOXOTO,97.5,2023-09-25,2023-10-07,13
SERTAO DO MOXOTO,97.5,2023-10-23,2023-10-31,9
VALE DO IPANEMA,90.0,1994-10-01,1994-10-07,7
VALE DO IPANEMA,90.0,1994-10-13,1994-11-16,35
VALE DO IPANEMA,90.0,1995-10-03,1995-11-02,31
VALE DO IPANEMA,90.0,1995-12-14,1995-12-18,5
VALE DO IPANEMA,90.0,1996-10-12,1996-10-27,16
VALE DO IPANEMA,90.0,1997-09-14,1997-09-18,5
VALE DO IPANEMA,90.0,1997-09-27,1997-10-27,31
VALE DO IPANEMA,90.0,1997-11-08,1997-11-25,18
VALE DO IPANEMA,90.0,1998-10-06,1998-10-31,26
VALE DO IPANEMA,90.0,1998-11-15,1998-12-04,20
VALE DO IPANEMA,90.0,1999-10-08,1999-11-03,27
VALE DO IPANEMA,90.0,2000-10-02,2000-10-06,5
VALE DO IPANEMA,90.0,2000-10-31,2000-11-05,6
VALE DO IPANEMA,90.0,2001-09-30,2001-10-26,27
VALE DO IPANEMA,90.0,2001-11-10,2001-11-24,15
VALE DO IPANEMA,90.0,2003-10-04,2003-10-27,24
VALE DO IPANEMA,90.0,2003-10-31,2003-11-21,22
VALE DO IPANEMA,90.0,2003-11-28,2003-12-08,11
VALE DO IPANEMA,90.0,2003-12-20,2003-12-24,5
VALE DO IPANEMA,90.0,2004-10-03,2004-10-19,17
VALE DO IPANEMA,90.0,2004-10-24,2004-11-04,12
VALE DO IPANEMA,90.0,2004-11-28,2004-12-08,11
VALE DO IPANEMA,90.0,2005-10-01,2005-10-04,4
VALE DO IPANEMA,90.0,2005-10-13,2005-11-24,43
VALE DO IPANEMA,90.0,2006-10-01,2006-10-08,8
VALE DO IPANEMA,90.0,2006-10-15,2006-11-08,25
VALE DO IPANEMA,90.0,2006-11-21,2006-12-06,16
VALE DO IPANEMA,90.0,2006-12-16,2006-12-18,3
VALE DO IPANEMA,90.0,2008-10-14,2008-11-28,46
VALE DO IPANEMA,90.0,2009-09-29,2009-12-13,76
VALE DO IPANEMA,90.0,2010-09-27,2010-10-24,28
VALE DO IPANEMA,90.0,2011-10-17,2011-10-20,4
VALE DO IPANEMA,90.0,2013-10-02,2013-10-10,9
VALE DO IPANEMA,90.0,2013-10-20,2013-11-03,15
VALE DO IPANEMA,90.0,2014-09-28,2014-10-04,7
VALE DO IPANEMA,90.0,2014-10-24,2014-10-27,4
VALE DO IPANEMA,90.0,2015-09-29,2015-12-12,75
VALE DO IPANEMA,90.0,2016-09-19,2016-09-24,6
VALE DO IPANEMA,90.0,2016-09-30,2016-11-06,38
VALE DO IPANEMA,90.0,2016-11-08,2016-12-01,24
VALE DO IPANEMA,90.0,2016-12-04,2016-12-09,6
VALE DO IPANEMA,90.0,2017-10-01,2017-10-05,5
VALE DO IPANEMA,90.0,2017-11-04,2017-12-25,52
VALE DO IPANEMA,90.0,2018-10-01,2018-11-05,36
VALE DO IPANEMA,90.0,2018-11-07,2018-11-23,17
VALE DO IPANEMA,90.0,2019-10-02,2019-12-07,67
VALE DO IPANEMA,90.0,2021-10-05,2021-10-24,20
VALE DO IPANEMA,90.0,2021-11-02,2021-11-08,7
VALE DO IPANEMA,90.0,2021-11-11,2021-11-18,8
VALE DO IPANEMA,90.0,2021-11-20,2021-12-03,14
VALE DO IPANEMA,90.0,2022-10-07,2022-10-10,4
VALE DO IPANEMA,90.0,2022-10-22,2022-10-31,10
VALE DO IPANEMA,90.0,2023-09-25,2023-10-10,16
VALE DO IPANEMA,90.0,2023-10-20,2023-11-02,14
VALE DO IPANEMA,90.0,2023-11-16,2023-11-20,5
VALE DO IPANEMA,95.0,1994-10-16,1994-11-10,26
VALE DO IPANEMA,95.0,1995-10-05,1995-11-01,28
VALE DO IPANEMA,95.0,1996-10-19,1996-10-25,7
VALE DO IPANEMA,95.0,1997-09-28,1997-10-15,18
VALE DO IPANEMA,95.0,1998-10-09,1998-10-20,12
VALE DO IPANEMA,95.0,1999-10-17,1999-10-29,13
VALE DO IPANEMA,95.0,2001-10-01,2001-10-25,25
VALE DO IPANEMA,95.0,2001-11-14,2001-11-16,3
VALE DO IPANEMA,95.0,2003-10-07,2003-10-22,16
VALE DO IPANEMA,95.0,2003-11-10,2003-11-20,11
VALE DO IPANEMA,95.0,2004-10-04,2004-10-14,11
VALE DO IPANEMA,95.0,2004-10-29,2004-10-31,3
VALE DO IPANEMA,95.0,2005-10-21,2005-10-28,8
VALE DO IPANEMA,95.0,2006-10-22,2006-11-04,14
VALE DO IPANEMA,95.0,2006-11-27,2006-11-29,3
VALE DO IPANEMA,95.0,2008-10-23,2008-10-25,3
VALE DO IPANEMA,95.0,2008-11-08,2008-11-11,4
VALE DO IPANEMA,95.0,2009-10-02,2009-11-05,35
VALE DO IPANEMA,95.0,2009-11-28,2009-11-30,3
VALE DO IPANEMA,95.0,2010-10-02,2010-10-12,11
VALE DO IPANEMA,95.0,2013-10-04,2013-10-09,6
VALE DO IPANEMA,95.0,2013-10-22,2013-11-01,11
VALE DO IPANEMA,95.0,2014-09-29,2014-10-03,5
VALE DO IPANEMA,95.0,2015-10-01,2015-12-08,69
VALE DO IPANEMA,95.0,2016-10-01,2016-10-13,13
VALE DO IPANEMA,95.0,2016-10-18,2016-11-01,15
VALE DO IPANEMA,95.0,2016-11-12,2016-11-27,16
VALE DO IPANEMA,95.0,2017-11-14,2017-11-23,10
VALE DO IPANEMA,95.0,2017-12-03,2017-12-07,5
VALE DO IPANEMA,95.0,2018-10-04,2018-11-03,31
VALE DO IPANEMA,95.0,2019-10-06,2019-11-07,33
VALE DO IPANEMA,95.0,2019-11-11,2019-11-22,12
VALE DO IPANEMA,95.0,2019-11-30,2019-12-03,4
VALE DO IPANEMA,95.0,2021-10-08,2021-10-22,15
VALE DO IPANEMA,95.0,2021-11-23,2021-11-30,8
VALE DO IPANEMA,95.0,2022-10-24,2022-10-31,8
VALE DO IPANEMA,95.0,2023-09-26,2023-10-08,13
VALE DO IPANEMA,95.0,2023-10-21,2023-10-31,11
VALE DO IPANEMA,97.5,1994-10-19,1994-10-29,11
VALE DO IPANEMA,97.5,1995-10-06,1995-10-30,25
VALE DO IPANEMA,97.5,1997-09-29,1997-10-10,12
VALE DO IPANEMA,97.5,1998-10-12,1998-10-16,5
VALE DO IPANEMA,97.5,1999-10-23,1999-10-25,3
VALE DO IPANEMA,97.5,2001-10-03,2001-10-24,22
VALE DO IPANEMA,97.5,2003-10-09,2003-10-18,10
VALE DO IPANEMA,97.5,2009-10-06,2009-10-29,24
VALE DO IPANEMA,97.5,2010-10-05,2010-10-07,3
VALE DO IPANEMA,97.5,2013-10-28,2013-10-30,3
VALE DO IPANEMA,97.5,2015-10-02,2015-10-10,9
VALE DO IPANEMA,97.5,2015-10-17,2015-11-04,19
VALE DO IPANEMA,97.5,2015-11-06,2015-12-03,28
VALE DO IPANEMA,97.5,2016-10-02,2016-10-12,11
VALE DO IPANEMA,97.5,2016-10-21,2016-10-26,6
VALE DO IPANEMA,97.5,2016-11-16,2016-11-24,9
VALE DO IPANEMA,97.5,2018-10-14,2018-11-01,19
VALE DO IPANEMA,97.5,2019-10-16,2019-11-02,18
VALE DO IPANEMA,97.5,2019-11-15,2019-11-18,4
VALE DO IPANEMA,97.5,2021-10-11,2021-10-20,10
VALE DO IPANEMA,97.5,2022-10-29,2022-10-31,3
VALE DO IPANEMA,97.5,2023-09-30,2023-10-06,7
VALE DO IPANEMA,97.5,2023-10-22,2023-10-30,9
VALE DO IPOJUCA,90.0,1994-09-29,1994-10-16,18
VALE DO IPOJUCA,90.0,1994-10-25,1994-12-03,40
VALE DO IPOJUCA,90.0,1995-10-04,1995-10-09,6
VALE DO IPOJUCA,90.0,1995-10-18,1995-10-27,10
VALE DO IPOJUCA,90.0,1995-12-05,1995-12-25,21
VALE DO IPOJUCA,90.0,1996-10-01,1996-10-03,3
VALE DO IPOJUCA,90.0,1996-10-26,1996-11-03,9
VALE DO IPOJUCA,90.0,1996-11-20,1996-11-30,11
VALE DO IPOJUCA,90.0,1997-10-03,1997-12-08,67
VALE DO IPOJUCA,90.0,1998-10-12,1998-10-16,5
VALE DO IPOJUCA,90.0,1998-10-28,1998-12-14,48
VALE DO IPOJUCA,90.0,1999-10-12,1999-10-18,7
VALE DO IPOJUCA,90.0,2000-10-28,2000-11-18,22
VALE DO IPOJUCA,90.0,2001-10-04,2001-10-09,6
VALE DO IPOJUCA,90.0,2001-10-19,2001-10-30,12
VALE DO IPOJUCA,90.0,2001-11-09,2001-11-27,19
VALE DO IPOJUCA,90.0,2003-10-07,2003-10-21,15
VALE DO IPOJUCA,90.0,2003-11-03,2003-12-10,38
VALE DO IPOJUCA,90.0,2003-12-21,2003-12-26,6
VALE DO IPOJUCA,90.0,2004-11-07,2004-11-09,3
VALE DO IPOJUCA,90.0,2004-11-17,2004-12-17,31
VALE DO IPOJUCA,90.0,2005-10-24,2005-12-03,41
VALE DO IPOJUCA,90.0,2006-10-10,2006-11-10,32
VALE DO IPOJUCA,90.0,2006-11-16,2006-12-16,31
VALE DO IPOJUCA,90.0,2008-10-28,2008-12-02,36
VALE DO IPOJUCA,90.0,2008-12-25,2009-01-01,8
VALE DO IPOJUCA,90.0,2009-10-28,2009-12-14,48
VALE DO IPOJUCA,90.0,2010-10-05,2010-10-13,9
VALE DO IPOJUCA,90.0,2010-10-23,2010-11-30,39
VALE DO IPOJUCA,90.0,2013-10-06,2013-10-09,4
VALE DO IPOJUCA,90.0,2013-11-12,2013-12-09,28
VALE DO IPOJUCA,90.0,2014-12-25,2014-12-30,6
VALE DO IPOJUCA,90.0,2015-10-15,2015-12-10,57
VALE DO IPOJUCA,90.0,2016-10-03,2016-10-13,11
VALE DO IPOJUCA,90.0,2016-10-21,2016-11-07,18
VALE DO IPOJUCA,90.0,2016-11-10,2016-12-12,33
VALE DO IPOJUCA,90.0,2017-11-03,2017-12-31,59
VALE DO IPOJUCA,90.0,2018-10-03,2018-12-10,69
VALE DO IPOJUCA,90.0,2019-10-01,2019-10-03,3
VALE DO IPOJUCA,90.0,2019-10-18,2019-12-22,66
VALE DO IPOJUCA,90.0,2021-10-10,2021-10-17,8
VALE DO IPOJUCA,90.0,2021-11-01,2021-12-04,34
VALE DO IPOJUCA,90.0,2022-10-25,2022-11-05,12
VALE DO IPOJUCA,90.0,2022-11-20,2022-11-26,7
VALE DO IPOJUCA,90.0,2023-10-01,2023-10-04,4
VALE DO IPOJUCA,90.0,2023-10-24,2023-11-20,28
VALE DO IPOJUCA,95.0,1994-10-02,1994-10-06,5
VALE DO IPOJUCA,95.0,1994-11-12,1994-11-30,19
VALE DO IPOJUCA,95.0,1995-10-20,1995-10-25,6
VALE DO IPOJUCA,95.0,1996-11-21,1996-11-28,8
VALE DO IPOJUCA,95.0,1997-10-30,1997-11-24,26
VALE DO IPOJUCA,95.0,1998-11-01,1998-12-04,34
VALE DO IPOJUCA,95.0,2000-11-02,2000-11-08,7
VALE DO IPOJUCA,95.0,2001-10-20,2001-10-26,7
VALE DO IPOJUCA,95.0,2001-11-12,2001-11-21,10
VALE DO IPOJUCA,95.0,2003-10-10,2003-10-17,8
VALE DO IPOJUCA,95.0,2003-11-08,2003-11-20,13
VALE DO IPOJUCA,95.0,2003-11-25,2003-12-08,14
VALE DO IPOJUCA,95.0,2004-11-26,2004-12-12,17
VALE DO IPOJUCA,95.0,2005-10-28,2005-11-16,20
VALE DO IPOJUCA,95.0,2006-11-20,2006-12-03,14
VALE DO IPOJUCA,95.0,2008-11-02,2008-11-28,27
VALE DO IPOJUCA,95.0,2009-11-13,2009-12-04,22
VALE DO IPOJUCA,95.0,2010-11-22,2010-11-25,4
VALE DO IPOJUCA,95.0,2013-11-26,2013-12-05,10
VALE DO IPOJUCA,95.0,2015-10-18,2015-12-07,51
VALE DO IPOJUCA,95.0,2016-10-05,2016-10-11,7
VALE DO IPOJUCA,95.0,2016-11-14,2016-12-11,28
VALE DO IPOJUCA,95.0,2017-11-05,2017-12-05,31
VALE DO IPOJUCA,95.0,2017-12-27,2017-12-30,4
VALE DO IPOJUCA,95.0,2018-10-07,2018-10-27,21
VALE DO IPOJUCA,95.0,2018-11-09,2018-11-26,18
VALE DO IPOJUCA,95.0,2018-12-03,2018-12-09,7
VALE DO IPOJUCA,95.0,2019-10-22,2019-12-02,42
VALE DO IPOJUCA,95.0,2021-11-02,2021-11-08,7
VALE DO IPOJUCA,95.0,2021-11-13,2021-12-03,21
VALE DO IPOJUCA,95.0,2022-10-29,2022-11-02,5
VALE DO IPOJUCA,95.0,2023-10-25,2023-10-27,3
VALE DO IPOJUCA,95.0,2023-10-30,2023-11-09,11
VALE DO IPOJUCA,95.0,2023-11-13,2023-11-20,8
VALE DO IPOJUCA,97.5,1995-10-21,1995-10-23,3
VALE DO IPOJUCA,97.5,1996-11-23,1996-11-27,5
VALE DO IPOJUCA,97.5,1997-11-09,1997-11-15,7
VALE DO IPOJUCA,97.5,1998-11-04,1998-11-24,21
VALE DO IPOJUCA,97.5,2001-10-22,2001-10-24,3
VALE DO IPOJUCA,97.5,2001-11-14,2001-11-18,5
VALE DO IPOJUCA,97.5,2003-10-11,2003-10-14,4
VALE DO IPOJUCA,97.5,2003-11-10,2003-11-17,8
VALE DO IPOJUCA,97.5,2004-12-01,2004-12-07,7
VALE DO IPOJUCA,97.5,2005-10-31,2005-11-11,12
VALE DO IPOJUCA,97.5,2006-11-27,2006-11-30,4
VALE DO IPOJUCA,97.5,2008-11-05,2008-11-26,22
VALE DO IPOJUCA,97.5,2015-10-21,2015-12-05,46
VALE DO IPOJUCA,97.5,2016-10-06,2016-10-10,5
VALE DO IPOJUCA,97.5,2016-11-16,2016-11-29,14
VALE DO IPOJUCA,97.5,2017-11-07,2017-12-02,26
VALE DO IPOJUCA,97.5,2018-10-12,2018-10-25,14
VALE DO IPOJUCA,97.5,2018-11-15,2018-11-17,3
VALE DO IPOJUCA,97.5,2018-12-06,2018-12-08,3
VALE DO IPOJUCA,97.5,2019-10-28,2019-11-04,8
VALE DO IPOJUCA,97.5,2019-11-12,2019-11-29,18
VALE DO IPOJUCA,97.5,2021-11-03,2021-11-07,5
VALE DO IPOJUCA,97.5,2021-11-20,2021-12-02,13
VALE DO IPOJUCA,97.5,2023-11-02,2023-11-08,7
VALE DO IPOJUCA,97.5,2023-11-13,2023-11-20,8
VITORIA DE SANTO ANTAO,90.0,1994-10-04,1994-12-12,70
VITORIA DE SANTO ANTAO,90.0,1996-10-04,1996-11-17,45
VITORIA DE SANTO ANTAO,90.0,1998-10-27,1998-12-26,61
VITORIA DE SANTO ANTAO,90.0,1999-11-18,1999-11-30,13
VITORIA DE SANTO ANTAO,90.0,1999-12-27,1999-12-30,4
VITORIA DE SANTO ANTAO,90.0,2001-11-02,2001-12-07,36
VITORIA DE SANTO ANTAO,90.0,2003-10-12,2003-12-27,77
VITORIA DE SANTO ANTAO,90.0,2004-11-02,2004-12-27,56
VITORIA DE SANTO ANTAO,90.0,2005-01-18,2005-01-30,13
VITORIA DE SANTO ANTAO,90.0,2005-10-31,2005-12-23,54
VITORIA DE SANTO ANTAO,90.0,2006-10-21,2006-12-11,52
VITORIA DE SANTO ANTAO,90.0,2010-10-07,2010-12-30,85
VITORIA DE SANTO ANTAO,90.0,2013-11-21,2013-12-22,32
VITORIA DE SANTO ANTAO,90.0,2014-11-03,2014-12-04,32
VITORIA DE SANTO ANTAO,90.0,2015-10-13,2015-12-06,55
VITORIA DE SANTO ANTAO,90.0,2016-09-25,2016-10-20,26
VITORIA DE SANTO ANTAO,90.0,2016-10-29,2016-12-25,58
VITORIA DE SANTO ANTAO,90.0,2017-11-02,2018-01-01,61
VITORIA DE SANTO ANTAO,90.0,2018-10-25,2018-11-29,36
VITORIA DE SANTO ANTAO,90.0,2019-10-01,2020-01-21,113
VITORIA DE SANTO ANTAO,90.0,2021-10-19,2021-12-04,47
VITORIA DE SANTO ANTAO,90.0,2022-10-24,2022-11-16,24
VITORIA DE SANTO ANTAO,90.0,2022-11-21,2022-11-28,8
VITORIA DE SANTO ANTAO,90.0,2023-10-29,2023-12-03,36
VITORIA DE SANTO ANTAO,95.0,1994-11-16,1994-12-06,21
VITORIA DE SANTO ANTAO,95.0,1996-10-27,1996-11-05,10
VITORIA DE SANTO ANTAO,95.0,1998-11-01,1998-12-13,43
VITORIA DE SANTO ANTAO,95.0,2001-11-11,2001-11-24,14
VITORIA DE SANTO ANTAO,95.0,2003-10-28,2003-12-17,51
VITORIA DE SANTO ANTAO,95.0,2004-11-08,2004-12-17,40
VITORIA DE SANTO ANTAO,95.0,2005-11-07,2005-11-26,20
VITORIA DE SANTO ANTAO,95.0,2006-10-27,2006-11-11,16
VITORIA DE SANTO ANTAO,95.0,2006-11-16,2006-12-05,20
VITORIA DE SANTO ANTAO,95.0,2010-10-27,2010-12-03,38
VITORIA DE SANTO ANTAO,95.0,2013-11-30,2013-12-08,9
VITORIA DE SANTO ANTAO,95.0,2014-11-13,2014-11-26,14
VITORIA DE SANTO ANTAO,95.0,2015-10-21,2015-12-02,43
VITORIA DE SANTO ANTAO,95.0,2016-10-04,2016-10-12,9
VITORIA DE SANTO ANTAO,95.0,2016-11-10,2016-12-14,35
VITORIA DE SANTO ANTAO,95.0,2017-11-06,2017-12-11,36
VITORIA DE SANTO ANTAO,95.0,2019-10-24,2019-12-01,39
VITORIA DE SANTO ANTAO,95.0,2021-10-24,2021-11-30,38
VITORIA DE SANTO ANTAO,95.0,2022-10-27,2022-11-14,19
VITORIA DE SANTO ANTAO,95.0,2023-11-01,2023-11-30,30
VITORIA DE SANTO ANTAO,97.5,1994-11-22,1994-12-03,12
VITORIA DE SANTO ANTAO,97.5,1998-11-04,1998-12-02,29
VITORIA DE SANTO ANTAO,97.5,2003-11-05,2003-11-10,6
VITORIA DE SANTO ANTAO,97.5,2004-11-24,2004-12-11,18
VITORIA DE SANTO ANTAO,97.5,2006-11-24,2006-12-02,9
VITORIA DE SANTO ANTAO,97.5,2010-11-15,2010-11-27,13
VITORIA DE SANTO ANTAO,97.5,2014-11-18,2014-11-22,5
VITORIA DE SANTO ANTAO,97.5,2015-10-30,2015-11-29,31
VITORIA DE SANTO ANTAO,97.5,2016-11-18,2016-12-06,19
VITORIA DE SANTO ANTAO,97.5,2017-11-08,2017-12-04,27
VITORIA DE SANTO ANTAO,97.5,2019-10-29,2019-11-25,28
VITORIA DE SANTO ANTAO,97.5,2021-10-27,2021-11-27,32
VITORIA DE SANTO ANTAO,97.5,2022-10-30,2022-11-12,14
VITORIA DE SANTO ANTAO,97.5,2023-11-02,2023-11-29,28
